onset	duration	sample	trial_type	value
0	0.001	1	New Segment	n/a
0	0.001	1	Comment	Active Shielding: On
237.366	0.001	237367	Stimulus	S 11
237.849	0.001	237850	Stimulus	S 12
239.208	0.001	239209	Stimulus	S 13
241.078	0.001	241079	Stimulus	S 15
241.783	0.001	241784	Stimulus	S 17
242.832	0.001	242833	Stimulus	S 21
243.366	0.001	243367	Stimulus	S 22
244.73	0.001	244731	Stimulus	S 23
245.271	0.001	245272	Stimulus	S 25
247.215	0.001	247216	Stimulus	S 27
248.248	0.001	248249	Stimulus	S 21
248.799	0.001	248800	Stimulus	S 22
250.156	0.001	250157	Stimulus	S 23
250.39	0.001	250391	Stimulus	S 24
252.765	0.001	252766	Stimulus	S 27
253.797	0.001	253798	Stimulus	S 11
254.264	0.001	254265	Stimulus	S 12
255.634	0.001	255635	Stimulus	S 13
255.838	0.001	255839	Stimulus	S 14
258.131	0.001	258132	Stimulus	S 16
259.18	0.001	259181	Stimulus	S 11
259.698	0.001	259699	Stimulus	S 12
261.065	0.001	261066	Stimulus	S 13
261.591	0.001	261592	Stimulus	S 15
263.68	0.001	263681	Stimulus	S 16
264.713	0.001	264714	Stimulus	S 21
265.163	0.001	265164	Stimulus	S 22
266.523	0.001	266524	Stimulus	S 23
267.095	0.001	267096	Stimulus	S 24
268.979	0.001	268980	Stimulus	S 26
270.012	0.001	270013	Stimulus	S 11
270.579	0.001	270580	Stimulus	S 12
271.932	0.001	271933	Stimulus	S 13
272.59	0.001	272591	Stimulus	S 15
274.446	0.001	274447	Stimulus	S 17
275.478	0.001	275479	Stimulus	S 11
276.061	0.001	276062	Stimulus	S 12
277.417	0.001	277418	Stimulus	S 13
277.774	0.001	277775	Stimulus	S 14
279.911	0.001	279912	Stimulus	S 17
280.944	0.001	280945	Stimulus	S 11
281.394	0.001	281395	Stimulus	S 12
282.757	0.001	282758	Stimulus	S 13
283.151	0.001	283152	Stimulus	S 15
285.344	0.001	285345	Stimulus	S 17
286.376	0.001	286377	Stimulus	S 21
286.943	0.001	286944	Stimulus	S 22
288.299	0.001	288300	Stimulus	S 23
288.903	0.001	288904	Stimulus	S 24
290.743	0.001	290744	Stimulus	S 26
291.776	0.001	291777	Stimulus	S 21
292.209	0.001	292210	Stimulus	S 22
293.533	0.001	293534	Stimulus	S 23
293.943	0.001	293944	Stimulus	S 25
296.042	0.001	296043	Stimulus	S 27
297.075	0.001	297076	Stimulus	S 11
297.608	0.001	297609	Stimulus	S 12
298.968	0.001	298969	Stimulus	S 13
299.031	0.001	299032	Stimulus	S 14
301.492	0.001	301493	Stimulus	S 16
302.524	0.001	302525	Stimulus	S 21
303.008	0.001	303009	Stimulus	S 22
304.371	0.001	304372	Stimulus	S 23
304.687	0.001	304688	Stimulus	S 24
306.874	0.001	306875	Stimulus	S 26
307.907	0.001	307908	Stimulus	S 21
308.374	0.001	308375	Stimulus	S 22
309.73	0.001	309731	Stimulus	S 23
310.102	0.001	310103	Stimulus	S 24
312.306	0.001	312307	Stimulus	S 26
313.34	0.001	313341	Stimulus	S 21
313.939	0.001	313940	Stimulus	S 22
315.304	0.001	315305	Stimulus	S 23
315.478	0.001	315479	Stimulus	S 25
317.872	0.001	317873	Stimulus	S 26
318.905	0.001	318906	Stimulus	S 11
319.505	0.001	319506	Stimulus	S 12
320.859	0.001	320860	Stimulus	S 13
321.143	0.001	321144	Stimulus	S 14
323.372	0.001	323373	Stimulus	S 17
324.405	0.001	324406	Stimulus	S 11
324.871	0.001	324872	Stimulus	S 12
326.228	0.001	326229	Stimulus	S 13
326.567	0.001	326568	Stimulus	S 14
328.738	0.001	328739	Stimulus	S 16
329.771	0.001	329772	Stimulus	S 21
330.221	0.001	330222	Stimulus	S 22
331.593	0.001	331594	Stimulus	S 23
331.823	0.001	331824	Stimulus	S 24
334.12	0.001	334121	Stimulus	S 27
335.153	0.001	335154	Stimulus	S 21
335.67	0.001	335671	Stimulus	S 22
337.028	0.001	337029	Stimulus	S 23
337.231	0.001	337232	Stimulus	S 24
339.519	0.001	339520	Stimulus	S 26
340.553	0.001	340554	Stimulus	S 11
341.035	0.001	341036	Stimulus	S 12
342.397	0.001	342398	Stimulus	S 13
342.607	0.001	342608	Stimulus	S 14
344.985	0.001	344986	Stimulus	S 17
346.018	0.001	346019	Stimulus	S 11
346.535	0.001	346536	Stimulus	S 12
347.897	0.001	347898	Stimulus	S 13
347.943	0.001	347944	Stimulus	S 14
350.385	0.001	350386	Stimulus	S 17
351.417	0.001	351418	Stimulus	S 21
351.951	0.001	351952	Stimulus	S 22
353.315	0.001	353316	Stimulus	S 23
353.511	0.001	353512	Stimulus	S 25
355.834	0.001	355835	Stimulus	S 27
356.867	0.001	356868	Stimulus	S 21
357.284	0.001	357285	Stimulus	S 22
358.643	0.001	358644	Stimulus	S 23
358.887	0.001	358888	Stimulus	S 25
361.199	0.001	361200	Stimulus	S 26
362.233	0.001	362234	Stimulus	S 11
362.683	0.001	362684	Stimulus	S 12
364.042	0.001	364043	Stimulus	S 13
364.175	0.001	364176	Stimulus	S 15
366.666	0.001	366667	Stimulus	S 17
367.699	0.001	367700	Stimulus	S 21
368.199	0.001	368200	Stimulus	S 22
369.559	0.001	369560	Stimulus	S 23
369.695	0.001	369696	Stimulus	S 25
372.165	0.001	372166	Stimulus	S 26
373.197	0.001	373198	Stimulus	S 11
373.748	0.001	373749	Stimulus	S 12
375.106	0.001	375107	Stimulus	S 13
375.911	0.001	375912	Stimulus	S 14
377.581	0.001	377582	Stimulus	S 16
378.614	0.001	378615	Stimulus	S 11
379.047	0.001	379048	Stimulus	S 12
380.413	0.001	380414	Stimulus	S 13
380.752	0.001	380753	Stimulus	S 14
383.013	0.001	383014	Stimulus	S 17
384.047	0.001	384048	Stimulus	S 11
384.613	0.001	384614	Stimulus	S 12
385.982	0.001	385983	Stimulus	S 13
386.279	0.001	386280	Stimulus	S 14
388.595	0.001	388596	Stimulus	S 17
389.629	0.001	389630	Stimulus	S 21
390.179	0.001	390180	Stimulus	S 22
391.537	0.001	391538	Stimulus	S 23
391.727	0.001	391728	Stimulus	S 24
394.078	0.001	394079	Stimulus	S 27
395.111	0.001	395112	Stimulus	S 11
395.645	0.001	395646	Stimulus	S 12
397	0.001	397001	Stimulus	S 13
397.407	0.001	397408	Stimulus	S 14
399.528	0.001	399529	Stimulus	S 16
400.56	0.001	400561	Stimulus	S 11
400.977	0.001	400978	Stimulus	S 12
402.337	0.001	402338	Stimulus	S 13
402.615	0.001	402616	Stimulus	S 15
404.96	0.001	404961	Stimulus	S 16
405.993	0.001	405994	Stimulus	S 21
406.559	0.001	406560	Stimulus	S 22
407.917	0.001	407918	Stimulus	S 23
408.039	0.001	408040	Stimulus	S 25
410.476	0.001	410477	Stimulus	S 26
411.509	0.001	411510	Stimulus	S 21
412.059	0.001	412060	Stimulus	S 22
413.42	0.001	413421	Stimulus	S 23
413.607	0.001	413608	Stimulus	S 25
416.026	0.001	416027	Stimulus	S 26
417.058	0.001	417059	Stimulus	S 11
417.559	0.001	417560	Stimulus	S 12
418.922	0.001	418923	Stimulus	S 13
419.144	0.001	419145	Stimulus	S 15
421.491	0.001	421492	Stimulus	S 16
422.524	0.001	422525	Stimulus	S 11
422.942	0.001	422943	Stimulus	S 12
424.283	0.001	424284	Stimulus	S 13
424.479	0.001	424480	Stimulus	S 14
426.824	0.001	426825	Stimulus	S 17
427.857	0.001	427858	Stimulus	S 11
428.39	0.001	428391	Stimulus	S 12
429.756	0.001	429757	Stimulus	S 13
430.647	0.001	430648	Stimulus	S 14
432.29	0.001	432291	Stimulus	S 16
433.323	0.001	433324	Stimulus	S 11
433.806	0.001	433807	Stimulus	S 12
435.165	0.001	435166	Stimulus	S 13
435.319	0.001	435320	Stimulus	S 14
437.756	0.001	437757	Stimulus	S 16
438.789	0.001	438790	Stimulus	S 21
439.389	0.001	439390	Stimulus	S 22
440.75	0.001	440751	Stimulus	S 23
442.205	0.001	442206	Stimulus	S 21
442.639	0.001	442640	Stimulus	S 22
444.003	0.001	444004	Stimulus	S 23
444.104	0.001	444105	Stimulus	S 25
446.487	0.001	446488	Stimulus	S 27
447.521	0.001	447522	Stimulus	S 11
448.088	0.001	448089	Stimulus	S 12
449.446	0.001	449447	Stimulus	S 13
449.465	0.001	449466	Stimulus	S 15
451.971	0.001	451972	Stimulus	S 16
453.003	0.001	453004	Stimulus	S 21
453.47	0.001	453471	Stimulus	S 22
454.833	0.001	454834	Stimulus	S 23
454.968	0.001	454969	Stimulus	S 25
457.337	0.001	457338	Stimulus	S 26
458.369	0.001	458370	Stimulus	S 11
458.836	0.001	458837	Stimulus	S 12
460.203	0.001	460204	Stimulus	S 13
460.664	0.001	460665	Stimulus	S 15
462.636	0.001	462637	Stimulus	S 16
463.669	0.001	463670	Stimulus	S 11
464.102	0.001	464103	Stimulus	S 12
465.46	0.001	465461	Stimulus	S 13
465.784	0.001	465785	Stimulus	S 15
467.885	0.001	467886	Stimulus	S 17
468.918	0.001	468919	Stimulus	S 11
469.485	0.001	469486	Stimulus	S 12
470.854	0.001	470855	Stimulus	S 13
470.92	0.001	470921	Stimulus	S 15
473.434	0.001	473435	Stimulus	S 17
474.468	0.001	474469	Stimulus	S 11
475.017	0.001	475018	Stimulus	S 12
476.376	0.001	476377	Stimulus	S 13
476.848	0.001	476849	Stimulus	S 15
478.967	0.001	478968	Stimulus	S 16
479.999	0.001	480000	Stimulus	S 21
480.55	0.001	480551	Stimulus	S 22
481.907	0.001	481908	Stimulus	S 23
482.264	0.001	482265	Stimulus	S 25
484.35	0.001	484351	Stimulus	S 27
485.383	0.001	485384	Stimulus	S 11
485.933	0.001	485934	Stimulus	S 12
487.294	0.001	487295	Stimulus	S 13
487.352	0.001	487353	Stimulus	S 15
489.782	0.001	489783	Stimulus	S 16
490.815	0.001	490816	Stimulus	S 11
491.265	0.001	491266	Stimulus	S 12
492.634	0.001	492635	Stimulus	S 13
492.96	0.001	492961	Stimulus	S 15
495.248	0.001	495249	Stimulus	S 16
522.061	0.001	522062	Stimulus	S 11
522.578	0.001	522579	Stimulus	S 12
523.941	0.001	523942	Stimulus	S 13
524.344	0.001	524345	Stimulus	S 14
526.444	0.001	526445	Stimulus	S 16
527.477	0.001	527478	Stimulus	S 11
527.944	0.001	527945	Stimulus	S 12
529.3	0.001	529301	Stimulus	S 13
529.504	0.001	529505	Stimulus	S 14
531.793	0.001	531794	Stimulus	S 17
532.809	0.001	532810	Stimulus	S 21
533.26	0.001	533261	Stimulus	S 22
534.616	0.001	534617	Stimulus	S 23
534.992	0.001	534993	Stimulus	S 25
537.159	0.001	537160	Stimulus	S 27
538.192	0.001	538193	Stimulus	S 21
538.642	0.001	538643	Stimulus	S 22
540.005	0.001	540006	Stimulus	S 23
540.096	0.001	540097	Stimulus	S 25
542.592	0.001	542593	Stimulus	S 26
543.625	0.001	543626	Stimulus	S 11
544.075	0.001	544076	Stimulus	S 12
545.437	0.001	545438	Stimulus	S 13
545.616	0.001	545617	Stimulus	S 14
547.991	0.001	547992	Stimulus	S 17
549.024	0.001	549025	Stimulus	S 11
549.54	0.001	549541	Stimulus	S 12
550.899	0.001	550900	Stimulus	S 13
551.336	0.001	551337	Stimulus	S 15
553.407	0.001	553408	Stimulus	S 17
554.439	0.001	554440	Stimulus	S 11
555.056	0.001	555057	Stimulus	S 12
556.418	0.001	556419	Stimulus	S 13
556.761	0.001	556762	Stimulus	S 14
558.939	0.001	558940	Stimulus	S 17
559.973	0.001	559974	Stimulus	S 11
560.439	0.001	560440	Stimulus	S 12
561.796	0.001	561797	Stimulus	S 13
562.312	0.001	562313	Stimulus	S 14
564.222	0.001	564223	Stimulus	S 17
565.255	0.001	565256	Stimulus	S 11
565.738	0.001	565739	Stimulus	S 12
567.099	0.001	567100	Stimulus	S 13
567.114	0.001	567115	Stimulus	S 14
569.704	0.001	569705	Stimulus	S 17
570.738	0.001	570739	Stimulus	S 21
571.287	0.001	571288	Stimulus	S 22
572.641	0.001	572642	Stimulus	S 23
573.025	0.001	573026	Stimulus	S 25
575.087	0.001	575088	Stimulus	S 26
576.12	0.001	576121	Stimulus	S 21
576.589	0.001	576590	Stimulus	S 22
577.955	0.001	577956	Stimulus	S 23
578.129	0.001	578130	Stimulus	S 25
580.453	0.001	580454	Stimulus	S 26
581.486	0.001	581487	Stimulus	S 21
582.086	0.001	582087	Stimulus	S 22
583.449	0.001	583450	Stimulus	S 23
583.577	0.001	583578	Stimulus	S 25
586.002	0.001	586003	Stimulus	S 26
587.036	0.001	587037	Stimulus	S 21
587.569	0.001	587570	Stimulus	S 22
588.936	0.001	588937	Stimulus	S 23
589.305	0.001	589306	Stimulus	S 25
591.518	0.001	591519	Stimulus	S 26
592.551	0.001	592552	Stimulus	S 11
593.118	0.001	593119	Stimulus	S 12
594.482	0.001	594483	Stimulus	S 13
594.953	0.001	594954	Stimulus	S 14
596.918	0.001	596919	Stimulus	S 16
597.951	0.001	597952	Stimulus	S 21
598.533	0.001	598534	Stimulus	S 22
599.889	0.001	599890	Stimulus	S 23
599.953	0.001	599954	Stimulus	S 25
602.5	0.001	602501	Stimulus	S 26
603.533	0.001	603534	Stimulus	S 21
604.1	0.001	604101	Stimulus	S 22
605.465	0.001	605466	Stimulus	S 23
605.673	0.001	605674	Stimulus	S 25
607.899	0.001	607900	Stimulus	S 27
608.933	0.001	608934	Stimulus	S 11
609.432	0.001	609433	Stimulus	S 12
610.804	0.001	610805	Stimulus	S 13
610.881	0.001	610882	Stimulus	S 15
613.349	0.001	613350	Stimulus	S 16
614.381	0.001	614382	Stimulus	S 11
614.833	0.001	614834	Stimulus	S 12
616.205	0.001	616206	Stimulus	S 13
616.465	0.001	616466	Stimulus	S 15
618.648	0.001	618649	Stimulus	S 16
619.68	0.001	619681	Stimulus	S 21
620.148	0.001	620149	Stimulus	S 22
621.516	0.001	621517	Stimulus	S 23
621.673	0.001	621674	Stimulus	S 25
624.097	0.001	624098	Stimulus	S 27
625.13	0.001	625131	Stimulus	S 21
625.697	0.001	625698	Stimulus	S 22
627.066	0.001	627067	Stimulus	S 23
627.305	0.001	627306	Stimulus	S 24
629.663	0.001	629664	Stimulus	S 26
630.696	0.001	630697	Stimulus	S 21
631.129	0.001	631130	Stimulus	S 22
632.493	0.001	632494	Stimulus	S 23
632.969	0.001	632970	Stimulus	S 24
634.978	0.001	634979	Stimulus	S 26
636.012	0.001	636013	Stimulus	S 21
636.545	0.001	636546	Stimulus	S 22
637.902	0.001	637903	Stimulus	S 23
637.985	0.001	637986	Stimulus	S 25
640.478	0.001	640479	Stimulus	S 26
641.512	0.001	641513	Stimulus	S 21
642.078	0.001	642079	Stimulus	S 22
643.445	0.001	643446	Stimulus	S 23
643.474	0.001	643475	Stimulus	S 25
645.927	0.001	645928	Stimulus	S 27
646.96	0.001	646961	Stimulus	S 11
647.56	0.001	647561	Stimulus	S 12
648.922	0.001	648923	Stimulus	S 13
649.105	0.001	649106	Stimulus	S 14
651.393	0.001	651394	Stimulus	S 16
652.41	0.001	652411	Stimulus	S 11
652.843	0.001	652844	Stimulus	S 12
654.205	0.001	654206	Stimulus	S 13
654.377	0.001	654378	Stimulus	S 15
656.676	0.001	656677	Stimulus	S 16
657.709	0.001	657710	Stimulus	S 21
658.326	0.001	658327	Stimulus	S 22
659.68	0.001	659681	Stimulus	S 23
659.841	0.001	659842	Stimulus	S 25
662.226	0.001	662227	Stimulus	S 26
663.258	0.001	663259	Stimulus	S 11
663.692	0.001	663693	Stimulus	S 12
665.05	0.001	665051	Stimulus	S 13
665.137	0.001	665138	Stimulus	S 14
667.691	0.001	667692	Stimulus	S 16
668.724	0.001	668725	Stimulus	S 11
669.24	0.001	669241	Stimulus	S 12
670.599	0.001	670600	Stimulus	S 13
670.689	0.001	670690	Stimulus	S 14
673.09	0.001	673091	Stimulus	S 17
674.124	0.001	674125	Stimulus	S 11
674.69	0.001	674691	Stimulus	S 12
676.057	0.001	676058	Stimulus	S 13
676.425	0.001	676426	Stimulus	S 15
678.623	0.001	678624	Stimulus	S 17
679.655	0.001	679656	Stimulus	S 11
680.123	0.001	680124	Stimulus	S 12
681.488	0.001	681489	Stimulus	S 13
681.492	0.001	681493	Stimulus	S 14
683.971	0.001	683972	Stimulus	S 17
685.006	0.001	685007	Stimulus	S 11
685.605	0.001	685606	Stimulus	S 12
686.978	0.001	686979	Stimulus	S 13
687.145	0.001	687146	Stimulus	S 15
689.488	0.001	689489	Stimulus	S 17
690.521	0.001	690522	Stimulus	S 11
691.088	0.001	691089	Stimulus	S 12
692.446	0.001	692447	Stimulus	S 13
692.569	0.001	692570	Stimulus	S 15
695.021	0.001	695022	Stimulus	S 16
696.054	0.001	696055	Stimulus	S 21
696.487	0.001	696488	Stimulus	S 22
697.849	0.001	697850	Stimulus	S 23
698.418	0.001	698419	Stimulus	S 25
700.286	0.001	700287	Stimulus	S 27
701.319	0.001	701320	Stimulus	S 21
701.803	0.001	701804	Stimulus	S 22
703.173	0.001	703174	Stimulus	S 23
703.41	0.001	703411	Stimulus	S 24
705.636	0.001	705637	Stimulus	S 26
706.669	0.001	706670	Stimulus	S 11
707.119	0.001	707120	Stimulus	S 12
708.486	0.001	708487	Stimulus	S 13
709.09	0.001	709091	Stimulus	S 14
711.069	0.001	711070	Stimulus	S 16
712.102	0.001	712103	Stimulus	S 11
712.686	0.001	712687	Stimulus	S 12
714.04	0.001	714041	Stimulus	S 13
715.338	0.001	715339	Stimulus	S 14
716.501	0.001	716502	Stimulus	S 16
717.534	0.001	717535	Stimulus	S 21
718.118	0.001	718119	Stimulus	S 22
719.486	0.001	719487	Stimulus	S 23
719.602	0.001	719603	Stimulus	S 25
722.017	0.001	722018	Stimulus	S 27
723.05	0.001	723051	Stimulus	S 11
723.567	0.001	723568	Stimulus	S 12
724.93	0.001	724931	Stimulus	S 13
725.218	0.001	725219	Stimulus	S 14
727.5	0.001	727501	Stimulus	S 17
728.532	0.001	728533	Stimulus	S 21
729.116	0.001	729117	Stimulus	S 22
730.479	0.001	730480	Stimulus	S 23
730.946	0.001	730947	Stimulus	S 25
733.016	0.001	733017	Stimulus	S 26
734.048	0.001	734049	Stimulus	S 11
734.465	0.001	734466	Stimulus	S 12
735.822	0.001	735823	Stimulus	S 13
736.754	0.001	736755	Stimulus	S 15
738.364	0.001	738365	Stimulus	S 17
739.381	0.001	739382	Stimulus	S 11
739.799	0.001	739800	Stimulus	S 12
741.157	0.001	741158	Stimulus	S 13
741.698	0.001	741699	Stimulus	S 15
743.73	0.001	743731	Stimulus	S 16
744.764	0.001	744765	Stimulus	S 21
745.247	0.001	745248	Stimulus	S 22
746.617	0.001	746618	Stimulus	S 23
747.17	0.001	747171	Stimulus	S 24
749.163	0.001	749164	Stimulus	S 26
750.197	0.001	750198	Stimulus	S 21
750.696	0.001	750697	Stimulus	S 22
752.052	0.001	752053	Stimulus	S 23
752.418	0.001	752419	Stimulus	S 24
754.563	0.001	754564	Stimulus	S 27
755.596	0.001	755597	Stimulus	S 21
756.046	0.001	756047	Stimulus	S 22
757.397	0.001	757398	Stimulus	S 23
758.929	0.001	758930	Stimulus	S 21
759.379	0.001	759380	Stimulus	S 22
760.749	0.001	760750	Stimulus	S 23
761.026	0.001	761027	Stimulus	S 25
763.311	0.001	763312	Stimulus	S 26
764.344	0.001	764345	Stimulus	S 11
764.944	0.001	764945	Stimulus	S 12
766.295	0.001	766296	Stimulus	S 13
766.41	0.001	766411	Stimulus	S 14
768.827	0.001	768828	Stimulus	S 17
769.86	0.001	769861	Stimulus	S 21
770.36	0.001	770361	Stimulus	S 22
771.72	0.001	771721	Stimulus	S 23
771.906	0.001	771907	Stimulus	S 24
774.327	0.001	774328	Stimulus	S 26
775.359	0.001	775360	Stimulus	S 11
775.926	0.001	775927	Stimulus	S 12
777.281	0.001	777282	Stimulus	S 13
777.77	0.001	777771	Stimulus	S 14
779.892	0.001	779893	Stimulus	S 16
797.257	0.001	797258	Stimulus	S 21
797.773	0.001	797774	Stimulus	S 22
799.138	0.001	799139	Stimulus	S 23
799.482	0.001	799483	Stimulus	S 25
801.623	0.001	801624	Stimulus	S 26
802.655	0.001	802656	Stimulus	S 21
803.106	0.001	803107	Stimulus	S 22
804.463	0.001	804464	Stimulus	S 23
804.778	0.001	804779	Stimulus	S 24
806.955	0.001	806956	Stimulus	S 26
807.989	0.001	807990	Stimulus	S 11
808.572	0.001	808573	Stimulus	S 12
809.937	0.001	809938	Stimulus	S 13
810.395	0.001	810396	Stimulus	S 15
812.538	0.001	812539	Stimulus	S 17
813.571	0.001	813572	Stimulus	S 11
814.156	0.001	814157	Stimulus	S 12
815.51	0.001	815511	Stimulus	S 13
816.987	0.001	816988	Stimulus	S 21
817.521	0.001	817522	Stimulus	S 22
818.881	0.001	818882	Stimulus	S 23
820.355	0.001	820356	Stimulus	S 21
820.937	0.001	820938	Stimulus	S 22
822.289	0.001	822290	Stimulus	S 23
822.57	0.001	822571	Stimulus	S 25
824.87	0.001	824871	Stimulus	S 26
825.902	0.001	825903	Stimulus	S 11
826.319	0.001	826320	Stimulus	S 12
827.68	0.001	827681	Stimulus	S 13
827.81	0.001	827811	Stimulus	S 14
830.152	0.001	830153	Stimulus	S 16
831.185	0.001	831186	Stimulus	S 21
831.652	0.001	831653	Stimulus	S 22
833.019	0.001	833020	Stimulus	S 23
834.563	0.001	834564	Stimulus	S 24
835.585	0.001	835586	Stimulus	S 27
836.617	0.001	836618	Stimulus	S 21
837.168	0.001	837169	Stimulus	S 22
838.538	0.001	838539	Stimulus	S 23
838.946	0.001	838947	Stimulus	S 25
841.117	0.001	841118	Stimulus	S 26
842.135	0.001	842136	Stimulus	S 21
842.567	0.001	842568	Stimulus	S 22
843.94	0.001	843941	Stimulus	S 23
844.851	0.001	844852	Stimulus	S 24
846.533	0.001	846534	Stimulus	S 26
847.566	0.001	847567	Stimulus	S 21
848.166	0.001	848167	Stimulus	S 22
849.524	0.001	849525	Stimulus	S 23
849.739	0.001	849740	Stimulus	S 25
852.083	0.001	852084	Stimulus	S 27
853.115	0.001	853116	Stimulus	S 11
853.716	0.001	853717	Stimulus	S 12
855.074	0.001	855075	Stimulus	S 13
855.347	0.001	855348	Stimulus	S 15
857.665	0.001	857666	Stimulus	S 16
858.698	0.001	858699	Stimulus	S 21
859.265	0.001	859266	Stimulus	S 22
860.624	0.001	860625	Stimulus	S 23
860.803	0.001	860804	Stimulus	S 25
863.148	0.001	863149	Stimulus	S 26
864.181	0.001	864182	Stimulus	S 21
864.764	0.001	864765	Stimulus	S 22
866.122	0.001	866123	Stimulus	S 23
866.674	0.001	866675	Stimulus	S 24
868.58	0.001	868581	Stimulus	S 27
869.613	0.001	869614	Stimulus	S 21
870.114	0.001	870115	Stimulus	S 22
871.48	0.001	871481	Stimulus	S 23
871.755	0.001	871756	Stimulus	S 25
874.096	0.001	874097	Stimulus	S 27
875.13	0.001	875131	Stimulus	S 21
875.563	0.001	875564	Stimulus	S 22
876.919	0.001	876920	Stimulus	S 23
876.932	0.001	876933	Stimulus	S 24
879.429	0.001	879430	Stimulus	S 27
880.462	0.001	880463	Stimulus	S 21
880.895	0.001	880896	Stimulus	S 22
882.252	0.001	882253	Stimulus	S 23
882.291	0.001	882292	Stimulus	S 25
884.828	0.001	884829	Stimulus	S 27
885.861	0.001	885862	Stimulus	S 11
886.461	0.001	886462	Stimulus	S 12
887.829	0.001	887830	Stimulus	S 13
887.834	0.001	887835	Stimulus	S 14
890.311	0.001	890312	Stimulus	S 16
891.343	0.001	891344	Stimulus	S 11
891.894	0.001	891895	Stimulus	S 12
893.258	0.001	893259	Stimulus	S 13
893.683	0.001	893684	Stimulus	S 14
895.727	0.001	895728	Stimulus	S 16
896.76	0.001	896761	Stimulus	S 21
897.276	0.001	897277	Stimulus	S 22
898.635	0.001	898636	Stimulus	S 23
899.307	0.001	899308	Stimulus	S 25
901.126	0.001	901127	Stimulus	S 26
902.159	0.001	902160	Stimulus	S 21
902.692	0.001	902693	Stimulus	S 22
904.064	0.001	904065	Stimulus	S 23
904.163	0.001	904164	Stimulus	S 24
906.675	0.001	906676	Stimulus	S 27
907.708	0.001	907709	Stimulus	S 21
908.292	0.001	908293	Stimulus	S 22
909.659	0.001	909660	Stimulus	S 23
909.779	0.001	909780	Stimulus	S 25
912.274	0.001	912275	Stimulus	S 26
913.31	0.001	913311	Stimulus	S 21
913.824	0.001	913825	Stimulus	S 22
915.188	0.001	915189	Stimulus	S 23
915.523	0.001	915524	Stimulus	S 25
917.707	0.001	917708	Stimulus	S 26
918.74	0.001	918741	Stimulus	S 11
919.257	0.001	919258	Stimulus	S 12
920.621	0.001	920622	Stimulus	S 13
921.155	0.001	921156	Stimulus	S 15
923.106	0.001	923107	Stimulus	S 17
924.14	0.001	924141	Stimulus	S 21
924.673	0.001	924674	Stimulus	S 22
926.034	0.001	926035	Stimulus	S 23
926.675	0.001	926676	Stimulus	S 24
928.623	0.001	928624	Stimulus	S 26
929.655	0.001	929656	Stimulus	S 21
930.122	0.001	930123	Stimulus	S 22
931.483	0.001	931484	Stimulus	S 23
931.979	0.001	931980	Stimulus	S 24
934.005	0.001	934006	Stimulus	S 26
935.038	0.001	935039	Stimulus	S 11
935.638	0.001	935639	Stimulus	S 12
937	0.001	937001	Stimulus	S 13
937.851	0.001	937852	Stimulus	S 15
939.521	0.001	939522	Stimulus	S 17
940.554	0.001	940555	Stimulus	S 11
941.154	0.001	941155	Stimulus	S 12
942.517	0.001	942518	Stimulus	S 13
943.028	0.001	943029	Stimulus	S 14
945.036	0.001	945037	Stimulus	S 16
946.07	0.001	946071	Stimulus	S 21
946.67	0.001	946671	Stimulus	S 22
948.039	0.001	948040	Stimulus	S 23
949.652	0.001	949653	Stimulus	S 11
950.219	0.001	950220	Stimulus	S 12
951.582	0.001	951583	Stimulus	S 13
951.972	0.001	951973	Stimulus	S 15
954.202	0.001	954203	Stimulus	S 16
955.234	0.001	955235	Stimulus	S 21
955.652	0.001	955653	Stimulus	S 22
957.013	0.001	957014	Stimulus	S 23
957.028	0.001	957029	Stimulus	S 25
959.501	0.001	959502	Stimulus	S 26
960.519	0.001	960520	Stimulus	S 11
960.951	0.001	960952	Stimulus	S 12
962.319	0.001	962320	Stimulus	S 13
965.867	0.001	965868	Stimulus	S 11
966.45	0.001	966451	Stimulus	S 12
967.812	0.001	967813	Stimulus	S 13
968.724	0.001	968725	Stimulus	S 14
970.45	0.001	970451	Stimulus	S 17
971.483	0.001	971484	Stimulus	S 11
971.933	0.001	971934	Stimulus	S 12
973.307	0.001	973308	Stimulus	S 13
973.652	0.001	973653	Stimulus	S 15
975.799	0.001	975800	Stimulus	S 17
976.832	0.001	976833	Stimulus	S 11
977.449	0.001	977450	Stimulus	S 12
978.801	0.001	978802	Stimulus	S 13
979.252	0.001	979253	Stimulus	S 15
981.432	0.001	981433	Stimulus	S 17
982.465	0.001	982466	Stimulus	S 21
983.048	0.001	983049	Stimulus	S 22
984.404	0.001	984405	Stimulus	S 23
984.772	0.001	984773	Stimulus	S 25
986.964	0.001	986965	Stimulus	S 27
987.997	0.001	987998	Stimulus	S 11
988.514	0.001	988515	Stimulus	S 12
989.877	0.001	989878	Stimulus	S 13
989.924	0.001	989925	Stimulus	S 14
992.33	0.001	992331	Stimulus	S 17
993.363	0.001	993364	Stimulus	S 11
993.93	0.001	993931	Stimulus	S 12
995.292	0.001	995293	Stimulus	S 13
995.324	0.001	995325	Stimulus	S 14
997.846	0.001	997847	Stimulus	S 16
998.879	0.001	998880	Stimulus	S 21
999.429	0.001	999430	Stimulus	S 22
1000.784	0.001	1000785	Stimulus	S 23
1000.844	0.001	1000845	Stimulus	S 25
1003.279	0.001	1003280	Stimulus	S 26
1004.312	0.001	1004313	Stimulus	S 21
1004.845	0.001	1004846	Stimulus	S 22
1006.211	0.001	1006212	Stimulus	S 23
1008.004	0.001	1008005	Stimulus	S 24
1008.761	0.001	1008762	Stimulus	S 27
1009.795	0.001	1009796	Stimulus	S 21
1010.244	0.001	1010245	Stimulus	S 22
1011.61	0.001	1011611	Stimulus	S 23
1012.044	0.001	1012045	Stimulus	S 25
1014.126	0.001	1014127	Stimulus	S 26
1015.145	0.001	1015146	Stimulus	S 21
1015.577	0.001	1015578	Stimulus	S 22
1016.929	0.001	1016930	Stimulus	S 23
1017.22	0.001	1017221	Stimulus	S 24
1019.493	0.001	1019494	Stimulus	S 26
1020.526	0.001	1020527	Stimulus	S 21
1020.959	0.001	1020960	Stimulus	S 22
1022.322	0.001	1022323	Stimulus	S 23
1023.116	0.001	1023117	Stimulus	S 25
1024.809	0.001	1024810	Stimulus	S 26
1025.842	0.001	1025843	Stimulus	S 21
1026.309	0.001	1026310	Stimulus	S 22
1027.665	0.001	1027666	Stimulus	S 23
1028.26	0.001	1028261	Stimulus	S 24
1030.175	0.001	1030176	Stimulus	S 27
1031.208	0.001	1031209	Stimulus	S 11
1031.625	0.001	1031626	Stimulus	S 12
1032.98	0.001	1032981	Stimulus	S 13
1033.564	0.001	1033565	Stimulus	S 15
1035.607	0.001	1035608	Stimulus	S 17
1036.625	0.001	1036626	Stimulus	S 11
1037.124	0.001	1037125	Stimulus	S 12
1038.49	0.001	1038491	Stimulus	S 13
1038.66	0.001	1038661	Stimulus	S 14
1040.957	0.001	1040958	Stimulus	S 17
1041.99	0.001	1041991	Stimulus	S 21
1042.49	0.001	1042491	Stimulus	S 22
1043.843	0.001	1043844	Stimulus	S 23
1043.964	0.001	1043965	Stimulus	S 25
1046.339	0.001	1046340	Stimulus	S 26
1047.372	0.001	1047373	Stimulus	S 11
1047.939	0.001	1047940	Stimulus	S 12
1049.296	0.001	1049297	Stimulus	S 13
1049.436	0.001	1049437	Stimulus	S 14
1051.905	0.001	1051906	Stimulus	S 16
1109.813	0.001	1109814	Stimulus	S 31
1110.414	0.001	1110415	Stimulus	S 32
1111.782	0.001	1111783	Stimulus	S 33
1115.313	0.001	1115314	Stimulus	S 31
1115.763	0.001	1115764	Stimulus	S 32
1117.127	0.001	1117128	Stimulus	S 33
1117.501	0.001	1117502	Stimulus	S 35
1119.746	0.001	1119747	Stimulus	S 37
1120.778	0.001	1120779	Stimulus	S 31
1121.246	0.001	1121247	Stimulus	S 32
1122.607	0.001	1122608	Stimulus	S 33
1122.917	0.001	1122918	Stimulus	S 34
1125.062	0.001	1125063	Stimulus	S 36
1126.094	0.001	1126095	Stimulus	S 31
1126.662	0.001	1126663	Stimulus	S 32
1128.017	0.001	1128018	Stimulus	S 33
1128.221	0.001	1128222	Stimulus	S 35
1130.527	0.001	1130528	Stimulus	S 37
1131.561	0.001	1131562	Stimulus	S 31
1132.078	0.001	1132079	Stimulus	S 32
1133.44	0.001	1133441	Stimulus	S 33
1133.493	0.001	1133494	Stimulus	S 35
1136.06	0.001	1136061	Stimulus	S 37
1137.076	0.001	1137077	Stimulus	S 31
1137.627	0.001	1137628	Stimulus	S 32
1138.99	0.001	1138991	Stimulus	S 33
1139.229	0.001	1139230	Stimulus	S 34
1141.56	0.001	1141561	Stimulus	S 36
1142.592	0.001	1142593	Stimulus	S 31
1143.093	0.001	1143094	Stimulus	S 32
1144.454	0.001	1144455	Stimulus	S 33
1144.597	0.001	1144598	Stimulus	S 35
1146.959	0.001	1146960	Stimulus	S 37
1147.991	0.001	1147992	Stimulus	S 31
1148.425	0.001	1148426	Stimulus	S 32
1149.79	0.001	1149791	Stimulus	S 33
1149.798	0.001	1149799	Stimulus	S 34
1152.291	0.001	1152292	Stimulus	S 36
1153.324	0.001	1153325	Stimulus	S 31
1153.874	0.001	1153875	Stimulus	S 32
1155.232	0.001	1155233	Stimulus	S 33
1155.541	0.001	1155542	Stimulus	S 34
1157.791	0.001	1157792	Stimulus	S 36
1158.823	0.001	1158824	Stimulus	S 31
1159.307	0.001	1159308	Stimulus	S 32
1160.672	0.001	1160673	Stimulus	S 33
1160.877	0.001	1160878	Stimulus	S 34
1163.273	0.001	1163274	Stimulus	S 36
1164.306	0.001	1164307	Stimulus	S 31
1164.873	0.001	1164874	Stimulus	S 32
1166.235	0.001	1166236	Stimulus	S 33
1167.773	0.001	1167774	Stimulus	S 31
1168.256	0.001	1168257	Stimulus	S 32
1169.621	0.001	1169622	Stimulus	S 33
1169.941	0.001	1169942	Stimulus	S 34
1172.105	0.001	1172106	Stimulus	S 37
1173.138	0.001	1173139	Stimulus	S 31
1173.672	0.001	1173673	Stimulus	S 32
1175.026	0.001	1175027	Stimulus	S 33
1175.117	0.001	1175118	Stimulus	S 35
1177.605	0.001	1177606	Stimulus	S 37
1178.638	0.001	1178639	Stimulus	S 31
1179.071	0.001	1179072	Stimulus	S 32
1180.427	0.001	1180428	Stimulus	S 33
1180.494	0.001	1180495	Stimulus	S 35
1182.937	0.001	1182938	Stimulus	S 36
1183.954	0.001	1183955	Stimulus	S 31
1184.487	0.001	1184488	Stimulus	S 32
1185.85	0.001	1185851	Stimulus	S 33
1185.863	0.001	1185864	Stimulus	S 35
1188.387	0.001	1188388	Stimulus	S 36
1189.419	0.001	1189420	Stimulus	S 31
1189.97	0.001	1189971	Stimulus	S 32
1191.325	0.001	1191326	Stimulus	S 33
1191.661	0.001	1191662	Stimulus	S 35
1193.936	0.001	1193937	Stimulus	S 36
1194.968	0.001	1194969	Stimulus	S 31
1195.452	0.001	1195453	Stimulus	S 32
1196.805	0.001	1196806	Stimulus	S 33
1196.853	0.001	1196854	Stimulus	S 34
1199.352	0.001	1199353	Stimulus	S 37
1200.368	0.001	1200369	Stimulus	S 31
1200.818	0.001	1200819	Stimulus	S 32
1202.175	0.001	1202176	Stimulus	S 33
1202.222	0.001	1202223	Stimulus	S 35
1204.718	0.001	1204719	Stimulus	S 37
1205.751	0.001	1205752	Stimulus	S 31
1206.284	0.001	1206285	Stimulus	S 32
1207.637	0.001	1207638	Stimulus	S 33
1208.069	0.001	1208070	Stimulus	S 35
1210.167	0.001	1210168	Stimulus	S 36
1211.199	0.001	1211200	Stimulus	S 31
1211.75	0.001	1211751	Stimulus	S 32
1213.105	0.001	1213106	Stimulus	S 33
1213.382	0.001	1213383	Stimulus	S 35
1215.566	0.001	1215567	Stimulus	S 36
1216.599	0.001	1216600	Stimulus	S 31
1217.183	0.001	1217184	Stimulus	S 32
1218.543	0.001	1218544	Stimulus	S 33
1218.638	0.001	1218639	Stimulus	S 35
1221.132	0.001	1221133	Stimulus	S 37
1222.165	0.001	1222166	Stimulus	S 31
1222.682	0.001	1222683	Stimulus	S 32
1224.043	0.001	1224044	Stimulus	S 33
1224.142	0.001	1224143	Stimulus	S 35
1226.548	0.001	1226549	Stimulus	S 36
1227.58	0.001	1227581	Stimulus	S 31
1228.098	0.001	1228099	Stimulus	S 32
1229.456	0.001	1229457	Stimulus	S 33
1229.734	0.001	1229735	Stimulus	S 34
1231.981	0.001	1231982	Stimulus	S 36
1233.013	0.001	1233014	Stimulus	S 31
1233.597	0.001	1233598	Stimulus	S 32
1234.959	0.001	1234960	Stimulus	S 33
1235.006	0.001	1235007	Stimulus	S 35
1237.446	0.001	1237447	Stimulus	S 37
1238.464	0.001	1238465	Stimulus	S 31
1238.946	0.001	1238947	Stimulus	S 32
1240.305	0.001	1240306	Stimulus	S 33
1240.398	0.001	1240399	Stimulus	S 34
1242.796	0.001	1242797	Stimulus	S 37
1243.829	0.001	1243830	Stimulus	S 31
1244.296	0.001	1244297	Stimulus	S 32
1245.67	0.001	1245671	Stimulus	S 33
1245.75	0.001	1245751	Stimulus	S 35
1248.228	0.001	1248229	Stimulus	S 36
1249.262	0.001	1249263	Stimulus	S 31
1249.861	0.001	1249862	Stimulus	S 32
1251.223	0.001	1251224	Stimulus	S 33
1251.486	0.001	1251487	Stimulus	S 35
1253.728	0.001	1253729	Stimulus	S 37
1254.76	0.001	1254761	Stimulus	S 31
1255.277	0.001	1255278	Stimulus	S 32
1256.636	0.001	1256637	Stimulus	S 33
1256.663	0.001	1256664	Stimulus	S 34
1259.077	0.001	1259078	Stimulus	S 37
1260.093	0.001	1260094	Stimulus	S 31
1260.527	0.001	1260528	Stimulus	S 32
1261.888	0.001	1261889	Stimulus	S 33
1261.998	0.001	1261999	Stimulus	S 35
1264.46	0.001	1264461	Stimulus	S 36
1265.493	0.001	1265494	Stimulus	S 31
1265.943	0.001	1265944	Stimulus	S 32
1267.299	0.001	1267300	Stimulus	S 33
1267.582	0.001	1267583	Stimulus	S 35
1269.909	0.001	1269910	Stimulus	S 37
1270.942	0.001	1270943	Stimulus	S 31
1271.492	0.001	1271493	Stimulus	S 32
1272.852	0.001	1272853	Stimulus	S 33
1272.91	0.001	1272911	Stimulus	S 35
1275.425	0.001	1275426	Stimulus	S 37
1276.458	0.001	1276459	Stimulus	S 31
1276.924	0.001	1276925	Stimulus	S 32
1278.283	0.001	1278284	Stimulus	S 33
1279.907	0.001	1279908	Stimulus	S 31
1280.507	0.001	1280508	Stimulus	S 32
1281.865	0.001	1281866	Stimulus	S 33
1282.054	0.001	1282055	Stimulus	S 35
1284.34	0.001	1284341	Stimulus	S 36
1285.373	0.001	1285374	Stimulus	S 31
1285.824	0.001	1285825	Stimulus	S 32
1287.192	0.001	1287193	Stimulus	S 33
1287.542	0.001	1287543	Stimulus	S 35
1289.789	0.001	1289790	Stimulus	S 37
1290.822	0.001	1290823	Stimulus	S 31
1291.389	0.001	1291390	Stimulus	S 32
1292.746	0.001	1292747	Stimulus	S 33
1294.062	0.001	1294063	Stimulus	S 34
1295.239	0.001	1295240	Stimulus	S 36
1296.272	0.001	1296273	Stimulus	S 31
1296.79	0.001	1296791	Stimulus	S 32
1298.147	0.001	1298148	Stimulus	S 33
1298.718	0.001	1298719	Stimulus	S 34
1300.755	0.001	1300756	Stimulus	S 36
1301.788	0.001	1301789	Stimulus	S 31
1302.388	0.001	1302389	Stimulus	S 32
1303.751	0.001	1303752	Stimulus	S 33
1303.83	0.001	1303831	Stimulus	S 34
1306.32	0.001	1306321	Stimulus	S 37
1307.353	0.001	1307354	Stimulus	S 31
1307.854	0.001	1307855	Stimulus	S 32
1309.215	0.001	1309216	Stimulus	S 33
1309.774	0.001	1309775	Stimulus	S 34
1311.67	0.001	1311671	Stimulus	S 37
1312.703	0.001	1312704	Stimulus	S 31
1313.253	0.001	1313254	Stimulus	S 32
1314.615	0.001	1314616	Stimulus	S 33
1314.99	0.001	1314991	Stimulus	S 35
1317.119	0.001	1317120	Stimulus	S 37
1318.151	0.001	1318152	Stimulus	S 31
1318.702	0.001	1318703	Stimulus	S 32
1320.071	0.001	1320072	Stimulus	S 33
1320.142	0.001	1320143	Stimulus	S 34
1322.685	0.001	1322686	Stimulus	S 36
1323.718	0.001	1323719	Stimulus	S 31
1324.168	0.001	1324169	Stimulus	S 32
1325.533	0.001	1325534	Stimulus	S 33
1327.014	0.001	1327015	Stimulus	S 34
1328.067	0.001	1328068	Stimulus	S 36
1329.1	0.001	1329101	Stimulus	S 31
1329.534	0.001	1329535	Stimulus	S 32
1330.901	0.001	1330902	Stimulus	S 33
1331.246	0.001	1331247	Stimulus	S 34
1333.4	0.001	1333401	Stimulus	S 36
1334.433	0.001	1334434	Stimulus	S 31
1334.966	0.001	1334967	Stimulus	S 32
1336.335	0.001	1336336	Stimulus	S 33
1336.599	0.001	1336600	Stimulus	S 35
1338.866	0.001	1338867	Stimulus	S 37
1339.899	0.001	1339900	Stimulus	S 31
1340.483	0.001	1340484	Stimulus	S 32
1341.846	0.001	1341847	Stimulus	S 33
1341.91	0.001	1341911	Stimulus	S 34
1344.299	0.001	1344300	Stimulus	S 37
1345.331	0.001	1345332	Stimulus	S 31
1345.765	0.001	1345766	Stimulus	S 32
1347.133	0.001	1347134	Stimulus	S 33
1347.374	0.001	1347375	Stimulus	S 35
1349.681	0.001	1349682	Stimulus	S 36
1350.715	0.001	1350716	Stimulus	S 31
1351.314	0.001	1351315	Stimulus	S 32
1352.681	0.001	1352682	Stimulus	S 33
1352.967	0.001	1352968	Stimulus	S 34
1355.313	0.001	1355314	Stimulus	S 37
1356.346	0.001	1356347	Stimulus	S 31
1356.78	0.001	1356781	Stimulus	S 32
1358.145	0.001	1358146	Stimulus	S 33
1358.438	0.001	1358439	Stimulus	S 35
1360.646	0.001	1360647	Stimulus	S 36
1361.662	0.001	1361663	Stimulus	S 31
1362.162	0.001	1362163	Stimulus	S 32
1363.518	0.001	1363519	Stimulus	S 33
1363.838	0.001	1363839	Stimulus	S 35
1365.946	0.001	1365947	Stimulus	S 36
1451.917	0.001	1451918	Stimulus	S 31
1452.334	0.001	1452335	Stimulus	S 32
1453.694	0.001	1453695	Stimulus	S 33
1454.504	0.001	1454505	Stimulus	S 34
1456.233	0.001	1456234	Stimulus	S 37
1457.266	0.001	1457267	Stimulus	S 31
1457.766	0.001	1457767	Stimulus	S 32
1459.128	0.001	1459129	Stimulus	S 33
1459.2	0.001	1459201	Stimulus	S 34
1461.582	0.001	1461583	Stimulus	S 36
1462.6	0.001	1462601	Stimulus	S 31
1463.033	0.001	1463034	Stimulus	S 32
1464.403	0.001	1464404	Stimulus	S 33
1464.991	0.001	1464992	Stimulus	S 35
1466.982	0.001	1466983	Stimulus	S 36
1468.015	0.001	1468016	Stimulus	S 31
1468.598	0.001	1468599	Stimulus	S 32
1469.957	0.001	1469958	Stimulus	S 33
1470.024	0.001	1470025	Stimulus	S 35
1472.548	0.001	1472549	Stimulus	S 37
1473.58	0.001	1473581	Stimulus	S 31
1474.097	0.001	1474098	Stimulus	S 32
1475.461	0.001	1475462	Stimulus	S 33
1475.536	0.001	1475537	Stimulus	S 34
1478.064	0.001	1478065	Stimulus	S 37
1479.096	0.001	1479097	Stimulus	S 31
1479.68	0.001	1479681	Stimulus	S 32
1481.035	0.001	1481036	Stimulus	S 33
1481.073	0.001	1481074	Stimulus	S 34
1483.58	0.001	1483581	Stimulus	S 37
1484.613	0.001	1484614	Stimulus	S 31
1485.129	0.001	1485130	Stimulus	S 32
1486.478	0.001	1486479	Stimulus	S 33
1486.544	0.001	1486545	Stimulus	S 35
1488.929	0.001	1488930	Stimulus	S 37
1489.961	0.001	1489962	Stimulus	S 31
1490.434	0.001	1490435	Stimulus	S 32
1491.795	0.001	1491796	Stimulus	S 33
1491.92	0.001	1491921	Stimulus	S 35
1494.345	0.001	1494346	Stimulus	S 36
1495.361	0.001	1495362	Stimulus	S 31
1495.894	0.001	1495895	Stimulus	S 32
1497.258	0.001	1497259	Stimulus	S 33
1497.304	0.001	1497305	Stimulus	S 34
1499.827	0.001	1499828	Stimulus	S 37
1500.861	0.001	1500862	Stimulus	S 31
1501.444	0.001	1501445	Stimulus	S 32
1502.805	0.001	1502806	Stimulus	S 33
1502.864	0.001	1502865	Stimulus	S 35
1505.329	0.001	1505330	Stimulus	S 36
1506.36	0.001	1506361	Stimulus	S 31
1506.96	0.001	1506961	Stimulus	S 32
1508.324	0.001	1508325	Stimulus	S 33
1508.536	0.001	1508537	Stimulus	S 35
1510.859	0.001	1510860	Stimulus	S 37
1511.892	0.001	1511893	Stimulus	S 31
1512.426	0.001	1512427	Stimulus	S 32
1513.786	0.001	1513787	Stimulus	S 33
1513.944	0.001	1513945	Stimulus	S 35
1516.258	0.001	1516259	Stimulus	S 37
1517.291	0.001	1517292	Stimulus	S 31
1517.775	0.001	1517776	Stimulus	S 32
1519.14	0.001	1519141	Stimulus	S 33
1519.544	0.001	1519545	Stimulus	S 35
1521.607	0.001	1521608	Stimulus	S 36
1522.641	0.001	1522642	Stimulus	S 31
1523.125	0.001	1523126	Stimulus	S 32
1524.481	0.001	1524482	Stimulus	S 33
1524.824	0.001	1524825	Stimulus	S 35
1526.924	0.001	1526925	Stimulus	S 36
1527.957	0.001	1527958	Stimulus	S 31
1528.523	0.001	1528524	Stimulus	S 32
1529.892	0.001	1529893	Stimulus	S 33
1530.032	0.001	1530033	Stimulus	S 34
1532.489	0.001	1532490	Stimulus	S 37
1533.522	0.001	1533523	Stimulus	S 31
1534.006	0.001	1534007	Stimulus	S 32
1535.369	0.001	1535370	Stimulus	S 33
1535.592	0.001	1535593	Stimulus	S 35
1537.822	0.001	1537823	Stimulus	S 37
1538.855	0.001	1538856	Stimulus	S 31
1539.405	0.001	1539406	Stimulus	S 32
1540.759	0.001	1540760	Stimulus	S 33
1540.96	0.001	1540961	Stimulus	S 35
1543.305	0.001	1543306	Stimulus	S 36
1544.338	0.001	1544339	Stimulus	S 31
1544.854	0.001	1544855	Stimulus	S 32
1546.216	0.001	1546217	Stimulus	S 33
1546.4	0.001	1546401	Stimulus	S 35
1548.787	0.001	1548788	Stimulus	S 36
1549.82	0.001	1549821	Stimulus	S 31
1550.237	0.001	1550238	Stimulus	S 32
1551.599	0.001	1551600	Stimulus	S 33
1551.816	0.001	1551817	Stimulus	S 35
1554.137	0.001	1554138	Stimulus	S 37
1555.17	0.001	1555171	Stimulus	S 31
1555.721	0.001	1555722	Stimulus	S 32
1557.076	0.001	1557077	Stimulus	S 33
1557.345	0.001	1557346	Stimulus	S 34
1559.687	0.001	1559688	Stimulus	S 37
1560.719	0.001	1560720	Stimulus	S 31
1561.319	0.001	1561320	Stimulus	S 32
1562.684	0.001	1562685	Stimulus	S 33
1563.056	0.001	1563057	Stimulus	S 34
1565.185	0.001	1565186	Stimulus	S 36
1566.217	0.001	1566218	Stimulus	S 31
1566.768	0.001	1566769	Stimulus	S 32
1568.13	0.001	1568131	Stimulus	S 33
1568.288	0.001	1568289	Stimulus	S 35
1570.634	0.001	1570635	Stimulus	S 36
1571.668	0.001	1571669	Stimulus	S 31
1572.117	0.001	1572118	Stimulus	S 32
1573.482	0.001	1573483	Stimulus	S 33
1573.968	0.001	1573969	Stimulus	S 35
1576.017	0.001	1576018	Stimulus	S 37
1577.049	0.001	1577050	Stimulus	S 31
1577.466	0.001	1577467	Stimulus	S 32
1578.826	0.001	1578827	Stimulus	S 33
1580.366	0.001	1580367	Stimulus	S 31
1580.916	0.001	1580917	Stimulus	S 32
1582.278	0.001	1582279	Stimulus	S 33
1582.424	0.001	1582425	Stimulus	S 35
1584.899	0.001	1584900	Stimulus	S 37
1585.932	0.001	1585933	Stimulus	S 31
1586.499	0.001	1586500	Stimulus	S 32
1587.857	0.001	1587858	Stimulus	S 33
1588.033	0.001	1588034	Stimulus	S 35
1590.348	0.001	1590349	Stimulus	S 37
1591.382	0.001	1591383	Stimulus	S 31
1591.931	0.001	1591932	Stimulus	S 32
1593.289	0.001	1593290	Stimulus	S 33
1593.297	0.001	1593298	Stimulus	S 34
1595.748	0.001	1595749	Stimulus	S 37
1596.781	0.001	1596782	Stimulus	S 31
1597.381	0.001	1597382	Stimulus	S 32
1598.746	0.001	1598747	Stimulus	S 33
1598.881	0.001	1598882	Stimulus	S 34
1601.247	0.001	1601248	Stimulus	S 37
1602.279	0.001	1602280	Stimulus	S 31
1602.88	0.001	1602881	Stimulus	S 32
1604.241	0.001	1604242	Stimulus	S 33
1604.368	0.001	1604369	Stimulus	S 35
1606.779	0.001	1606780	Stimulus	S 36
1607.796	0.001	1607797	Stimulus	S 31
1608.346	0.001	1608347	Stimulus	S 32
1609.711	0.001	1609712	Stimulus	S 33
1609.921	0.001	1609922	Stimulus	S 35
1612.179	0.001	1612180	Stimulus	S 37
1613.211	0.001	1613212	Stimulus	S 31
1613.762	0.001	1613763	Stimulus	S 32
1615.124	0.001	1615125	Stimulus	S 33
1615.184	0.001	1615185	Stimulus	S 34
1617.728	0.001	1617729	Stimulus	S 36
1618.76	0.001	1618761	Stimulus	S 31
1619.344	0.001	1619345	Stimulus	S 32
1620.696	0.001	1620697	Stimulus	S 33
1620.977	0.001	1620978	Stimulus	S 35
1623.277	0.001	1623278	Stimulus	S 37
1624.295	0.001	1624296	Stimulus	S 31
1624.81	0.001	1624811	Stimulus	S 32
1626.168	0.001	1626169	Stimulus	S 33
1626.553	0.001	1626554	Stimulus	S 35
1628.593	0.001	1628594	Stimulus	S 37
1629.626	0.001	1629627	Stimulus	S 31
1630.126	0.001	1630127	Stimulus	S 32
1631.48	0.001	1631481	Stimulus	S 33
1631.513	0.001	1631514	Stimulus	S 34
1634.076	0.001	1634077	Stimulus	S 37
1635.108	0.001	1635109	Stimulus	S 31
1635.609	0.001	1635610	Stimulus	S 32
1636.967	0.001	1636968	Stimulus	S 33
1636.986	0.001	1636987	Stimulus	S 34
1639.492	0.001	1639493	Stimulus	S 37
1640.525	0.001	1640526	Stimulus	S 31
1640.992	0.001	1640993	Stimulus	S 32
1642.362	0.001	1642363	Stimulus	S 33
1642.665	0.001	1642666	Stimulus	S 35
1644.824	0.001	1644825	Stimulus	S 37
1645.857	0.001	1645858	Stimulus	S 31
1646.474	0.001	1646475	Stimulus	S 32
1647.829	0.001	1647830	Stimulus	S 33
1649.041	0.001	1649042	Stimulus	S 35
1650.339	0.001	1650340	Stimulus	S 36
1651.357	0.001	1651358	Stimulus	S 31
1651.924	0.001	1651925	Stimulus	S 32
1653.286	0.001	1653287	Stimulus	S 33
1653.593	0.001	1653594	Stimulus	S 34
1655.739	0.001	1655740	Stimulus	S 37
1656.773	0.001	1656774	Stimulus	S 31
1657.238	0.001	1657239	Stimulus	S 32
1658.592	0.001	1658593	Stimulus	S 33
1658.793	0.001	1658794	Stimulus	S 34
1661.172	0.001	1661173	Stimulus	S 37
1662.205	0.001	1662206	Stimulus	S 31
1662.638	0.001	1662639	Stimulus	S 32
1663.998	0.001	1663999	Stimulus	S 33
1664.529	0.001	1664530	Stimulus	S 35
1666.471	0.001	1666472	Stimulus	S 36
1667.504	0.001	1667505	Stimulus	S 31
1667.938	0.001	1667939	Stimulus	S 32
1669.304	0.001	1669305	Stimulus	S 33
1669.721	0.001	1669722	Stimulus	S 35
1671.787	0.001	1671788	Stimulus	S 36
1672.82	0.001	1672821	Stimulus	S 31
1673.421	0.001	1673422	Stimulus	S 32
1674.775	0.001	1674776	Stimulus	S 33
1674.817	0.001	1674818	Stimulus	S 35
1677.32	0.001	1677321	Stimulus	S 37
1678.353	0.001	1678354	Stimulus	S 31
1678.869	0.001	1678870	Stimulus	S 32
1680.226	0.001	1680227	Stimulus	S 33
1681.718	0.001	1681719	Stimulus	S 31
1682.202	0.001	1682203	Stimulus	S 32
1683.56	0.001	1683561	Stimulus	S 33
1683.565	0.001	1683566	Stimulus	S 34
1686.118	0.001	1686119	Stimulus	S 36
1687.151	0.001	1687152	Stimulus	S 31
1687.568	0.001	1687569	Stimulus	S 32
1688.928	0.001	1688929	Stimulus	S 33
1689.194	0.001	1689195	Stimulus	S 34
1691.518	0.001	1691519	Stimulus	S 36
1692.55	0.001	1692551	Stimulus	S 31
1693.101	0.001	1693102	Stimulus	S 32
1694.456	0.001	1694457	Stimulus	S 33
1694.489	0.001	1694490	Stimulus	S 34
1696.917	0.001	1696918	Stimulus	S 36
1697.95	0.001	1697951	Stimulus	S 31
1698.467	0.001	1698468	Stimulus	S 32
1699.85	0.001	1699851	Stimulus	S 33
1700.089	0.001	1700090	Stimulus	S 34
1702.416	0.001	1702417	Stimulus	S 37
1703.449	0.001	1703450	Stimulus	S 31
1704.033	0.001	1704034	Stimulus	S 32
1705.393	0.001	1705394	Stimulus	S 33
1705.905	0.001	1705906	Stimulus	S 34
1707.915	0.001	1707916	Stimulus	S 36
1765.191	0.001	1765192	Stimulus	S 31
1765.691	0.001	1765692	Stimulus	S 32
1767.05	0.001	1767051	Stimulus	S 33
1768.578	0.001	1768579	Stimulus	S 35
1769.557	0.001	1769558	Stimulus	S 37
1770.59	0.001	1770591	Stimulus	S 31
1771.04	0.001	1771041	Stimulus	S 32
1772.414	0.001	1772415	Stimulus	S 33
1773.674	0.001	1773675	Stimulus	S 35
1775.006	0.001	1775007	Stimulus	S 36
1776.039	0.001	1776040	Stimulus	S 31
1776.473	0.001	1776474	Stimulus	S 32
1777.836	0.001	1777837	Stimulus	S 33
1777.994	0.001	1777995	Stimulus	S 35
1780.472	0.001	1780473	Stimulus	S 37
1781.505	0.001	1781506	Stimulus	S 31
1781.972	0.001	1781973	Stimulus	S 32
1783.333	0.001	1783334	Stimulus	S 33
1783.586	0.001	1783587	Stimulus	S 35
1785.788	0.001	1785789	Stimulus	S 36
1786.821	0.001	1786822	Stimulus	S 31
1787.438	0.001	1787439	Stimulus	S 32
1788.8	0.001	1788801	Stimulus	S 33
1788.842	0.001	1788843	Stimulus	S 34
1791.287	0.001	1791288	Stimulus	S 37
1792.321	0.001	1792322	Stimulus	S 31
1792.787	0.001	1792788	Stimulus	S 32
1794.165	0.001	1794166	Stimulus	S 33
1794.179	0.001	1794180	Stimulus	S 34
1796.67	0.001	1796671	Stimulus	S 37
1797.703	0.001	1797704	Stimulus	S 31
1798.27	0.001	1798271	Stimulus	S 32
1799.628	0.001	1799629	Stimulus	S 33
1799.722	0.001	1799723	Stimulus	S 35
1802.103	0.001	1802104	Stimulus	S 37
1803.135	0.001	1803136	Stimulus	S 31
1803.552	0.001	1803553	Stimulus	S 32
1804.91	0.001	1804911	Stimulus	S 33
1805.146	0.001	1805147	Stimulus	S 35
1807.485	0.001	1807486	Stimulus	S 37
1808.519	0.001	1808520	Stimulus	S 31
1808.985	0.001	1808986	Stimulus	S 32
1810.34	0.001	1810341	Stimulus	S 33
1810.506	0.001	1810507	Stimulus	S 35
1812.851	0.001	1812852	Stimulus	S 36
1813.885	0.001	1813886	Stimulus	S 31
1814.368	0.001	1814369	Stimulus	S 32
1815.731	0.001	1815732	Stimulus	S 33
1816.066	0.001	1816067	Stimulus	S 35
1818.284	0.001	1818285	Stimulus	S 36
1819.317	0.001	1819318	Stimulus	S 31
1819.867	0.001	1819868	Stimulus	S 32
1821.222	0.001	1821223	Stimulus	S 33
1821.282	0.001	1821283	Stimulus	S 34
1823.75	0.001	1823751	Stimulus	S 36
1824.783	0.001	1824784	Stimulus	S 31
1825.333	0.001	1825334	Stimulus	S 32
1826.691	0.001	1826692	Stimulus	S 33
1826.699	0.001	1826700	Stimulus	S 34
1829.299	0.001	1829300	Stimulus	S 37
1830.332	0.001	1830333	Stimulus	S 31
1830.899	0.001	1830900	Stimulus	S 32
1832.26	0.001	1832261	Stimulus	S 33
1832.61	0.001	1832611	Stimulus	S 35
1834.881	0.001	1834882	Stimulus	S 37
1835.915	0.001	1835916	Stimulus	S 31
1836.365	0.001	1836366	Stimulus	S 32
1837.727	0.001	1837728	Stimulus	S 33
1837.955	0.001	1837956	Stimulus	S 35
1840.314	0.001	1840315	Stimulus	S 36
1841.347	0.001	1841348	Stimulus	S 31
1841.914	0.001	1841915	Stimulus	S 32
1843.278	0.001	1843279	Stimulus	S 33
1843.666	0.001	1843667	Stimulus	S 34
1845.897	0.001	1845898	Stimulus	S 36
1846.929	0.001	1846930	Stimulus	S 31
1847.463	0.001	1847464	Stimulus	S 32
1848.826	0.001	1848827	Stimulus	S 33
1849.115	0.001	1849116	Stimulus	S 35
1851.313	0.001	1851314	Stimulus	S 36
1852.346	0.001	1852347	Stimulus	S 31
1852.896	0.001	1852897	Stimulus	S 32
1854.259	0.001	1854260	Stimulus	S 33
1854.283	0.001	1854284	Stimulus	S 34
1856.878	0.001	1856879	Stimulus	S 36
1857.911	0.001	1857912	Stimulus	S 31
1858.478	0.001	1858479	Stimulus	S 32
1859.838	0.001	1859839	Stimulus	S 33
1860.019	0.001	1860020	Stimulus	S 35
1862.462	0.001	1862463	Stimulus	S 36
1863.494	0.001	1863495	Stimulus	S 31
1863.927	0.001	1863928	Stimulus	S 32
1865.297	0.001	1865298	Stimulus	S 33
1865.394	0.001	1865395	Stimulus	S 35
1867.827	0.001	1867828	Stimulus	S 36
1868.859	0.001	1868860	Stimulus	S 31
1869.427	0.001	1869428	Stimulus	S 32
1870.79	0.001	1870791	Stimulus	S 33
1870.963	0.001	1870964	Stimulus	S 34
1873.326	0.001	1873327	Stimulus	S 37
1874.359	0.001	1874360	Stimulus	S 31
1874.776	0.001	1874777	Stimulus	S 32
1876.132	0.001	1876133	Stimulus	S 33
1876.339	0.001	1876340	Stimulus	S 35
1878.675	0.001	1878676	Stimulus	S 37
1879.691	0.001	1879692	Stimulus	S 31
1880.125	0.001	1880126	Stimulus	S 32
1881.477	0.001	1881478	Stimulus	S 33
1881.707	0.001	1881708	Stimulus	S 35
1884.041	0.001	1884042	Stimulus	S 37
1885.075	0.001	1885076	Stimulus	S 31
1885.69	0.001	1885691	Stimulus	S 32
1887.049	0.001	1887050	Stimulus	S 33
1888.54	0.001	1888541	Stimulus	S 31
1889.124	0.001	1889125	Stimulus	S 32
1890.477	0.001	1890478	Stimulus	S 33
1890.746	0.001	1890747	Stimulus	S 35
1892.99	0.001	1892991	Stimulus	S 36
1894.023	0.001	1894024	Stimulus	S 31
1894.557	0.001	1894558	Stimulus	S 32
1895.926	0.001	1895927	Stimulus	S 33
1896.099	0.001	1896100	Stimulus	S 35
1898.389	0.001	1898390	Stimulus	S 36
1899.423	0.001	1899424	Stimulus	S 31
1899.923	0.001	1899924	Stimulus	S 32
1901.285	0.001	1901286	Stimulus	S 33
1901.419	0.001	1901420	Stimulus	S 35
1903.922	0.001	1903923	Stimulus	S 37
1904.955	0.001	1904956	Stimulus	S 31
1905.54	0.001	1905541	Stimulus	S 32
1906.906	0.001	1906907	Stimulus	S 33
1910.488	0.001	1910489	Stimulus	S 31
1910.938	0.001	1910939	Stimulus	S 32
1912.307	0.001	1912308	Stimulus	S 33
1912.435	0.001	1912436	Stimulus	S 35
1914.921	0.001	1914922	Stimulus	S 36
1915.954	0.001	1915955	Stimulus	S 31
1916.503	0.001	1916504	Stimulus	S 32
1917.861	0.001	1917862	Stimulus	S 33
1917.866	0.001	1917867	Stimulus	S 34
1920.353	0.001	1920354	Stimulus	S 36
1921.369	0.001	1921370	Stimulus	S 31
1921.803	0.001	1921804	Stimulus	S 32
1923.167	0.001	1923168	Stimulus	S 33
1923.555	0.001	1923556	Stimulus	S 35
1925.769	0.001	1925770	Stimulus	S 37
1926.802	0.001	1926803	Stimulus	S 31
1927.319	0.001	1927320	Stimulus	S 32
1928.686	0.001	1928687	Stimulus	S 33
1928.915	0.001	1928916	Stimulus	S 35
1931.152	0.001	1931153	Stimulus	S 36
1932.185	0.001	1932186	Stimulus	S 31
1932.635	0.001	1932636	Stimulus	S 32
1933.997	0.001	1933998	Stimulus	S 33
1934.283	0.001	1934284	Stimulus	S 34
1936.435	0.001	1936436	Stimulus	S 36
1937.468	0.001	1937469	Stimulus	S 31
1937.951	0.001	1937952	Stimulus	S 32
1939.305	0.001	1939306	Stimulus	S 33
1939.619	0.001	1939620	Stimulus	S 35
1941.8	0.001	1941801	Stimulus	S 37
1942.834	0.001	1942835	Stimulus	S 31
1943.283	0.001	1943284	Stimulus	S 32
1944.647	0.001	1944648	Stimulus	S 33
1945.051	0.001	1945052	Stimulus	S 35
1947.083	0.001	1947084	Stimulus	S 37
1948.116	0.001	1948117	Stimulus	S 31
1948.632	0.001	1948633	Stimulus	S 32
1949.991	0.001	1949992	Stimulus	S 33
1950.715	0.001	1950716	Stimulus	S 34
1952.599	0.001	1952600	Stimulus	S 36
1953.632	0.001	1953633	Stimulus	S 31
1954.148	0.001	1954149	Stimulus	S 32
1955.51	0.001	1955511	Stimulus	S 33
1955.524	0.001	1955525	Stimulus	S 34
1958.114	0.001	1958115	Stimulus	S 36
1959.148	0.001	1959149	Stimulus	S 31
1959.764	0.001	1959765	Stimulus	S 32
1961.121	0.001	1961122	Stimulus	S 33
1961.379	0.001	1961380	Stimulus	S 34
1963.597	0.001	1963598	Stimulus	S 36
1964.63	0.001	1964631	Stimulus	S 31
1965.064	0.001	1965065	Stimulus	S 32
1966.42	0.001	1966421	Stimulus	S 33
1966.483	0.001	1966484	Stimulus	S 34
1968.963	0.001	1968964	Stimulus	S 36
1969.996	0.001	1969997	Stimulus	S 31
1970.496	0.001	1970497	Stimulus	S 32
1971.859	0.001	1971860	Stimulus	S 33
1971.955	0.001	1971956	Stimulus	S 34
1974.396	0.001	1974397	Stimulus	S 36
1975.428	0.001	1975429	Stimulus	S 31
1975.845	0.001	1975846	Stimulus	S 32
1977.202	0.001	1977203	Stimulus	S 33
1977.395	0.001	1977396	Stimulus	S 34
1979.812	0.001	1979813	Stimulus	S 37
1980.845	0.001	1980846	Stimulus	S 31
1981.461	0.001	1981462	Stimulus	S 32
1982.834	0.001	1982835	Stimulus	S 33
1983.003	0.001	1983004	Stimulus	S 35
1985.378	0.001	1985379	Stimulus	S 36
1986.41	0.001	1986411	Stimulus	S 31
1987.027	0.001	1987028	Stimulus	S 32
1988.388	0.001	1988389	Stimulus	S 33
1989.227	0.001	1989228	Stimulus	S 35
1990.86	0.001	1990861	Stimulus	S 37
1991.893	0.001	1991894	Stimulus	S 31
1992.443	0.001	1992444	Stimulus	S 32
1993.784	0.001	1993785	Stimulus	S 33
1994.067	0.001	1994068	Stimulus	S 34
1996.26	0.001	1996261	Stimulus	S 37
1997.292	0.001	1997293	Stimulus	S 31
1997.843	0.001	1997844	Stimulus	S 32
1999.215	0.001	1999216	Stimulus	S 33
1999.371	0.001	1999372	Stimulus	S 35
2001.775	0.001	2001776	Stimulus	S 36
2002.808	0.001	2002809	Stimulus	S 31
2003.342	0.001	2003343	Stimulus	S 32
2004.705	0.001	2004706	Stimulus	S 33
2005.123	0.001	2005124	Stimulus	S 35
2007.141	0.001	2007142	Stimulus	S 37
2008.175	0.001	2008176	Stimulus	S 31
2008.774	0.001	2008775	Stimulus	S 32
2010.141	0.001	2010142	Stimulus	S 33
2013.774	0.001	2013775	Stimulus	S 31
2014.357	0.001	2014358	Stimulus	S 32
2015.72	0.001	2015721	Stimulus	S 33
2015.803	0.001	2015804	Stimulus	S 34
2018.289	0.001	2018290	Stimulus	S 37
2019.322	0.001	2019323	Stimulus	S 31
2019.923	0.001	2019924	Stimulus	S 32
2021.295	0.001	2021296	Stimulus	S 33
2021.5	0.001	2021501	Stimulus	S 34
2023.806	0.001	2023807	Stimulus	S 36
2087.146	0.001	2087147	Stimulus	S  1
2087.747	0.001	2087748	Stimulus	S  2
2089.102	0.001	2089103	Stimulus	S  3
2089.796	0.001	2089797	Stimulus	S  5
2091.713	0.001	2091714	Stimulus	S  7
2092.746	0.001	2092747	Stimulus	S  1
2093.313	0.001	2093314	Stimulus	S  2
2094.676	0.001	2094677	Stimulus	S  3
2094.869	0.001	2094870	Stimulus	S  5
2097.112	0.001	2097113	Stimulus	S  6
2098.146	0.001	2098147	Stimulus	S  1
2098.645	0.001	2098646	Stimulus	S  2
2099.998	0.001	2099999	Stimulus	S  3
2100.22	0.001	2100221	Stimulus	S  4
2102.595	0.001	2102596	Stimulus	S  7
2103.628	0.001	2103629	Stimulus	S  1
2104.128	0.001	2104129	Stimulus	S  2
2105.483	0.001	2105484	Stimulus	S  3
2105.54	0.001	2105541	Stimulus	S  4
2107.944	0.001	2107945	Stimulus	S  7
2108.977	0.001	2108978	Stimulus	S  1
2109.411	0.001	2109412	Stimulus	S  2
2110.769	0.001	2110770	Stimulus	S  3
2110.892	0.001	2110893	Stimulus	S  5
2113.293	0.001	2113294	Stimulus	S  7
2114.326	0.001	2114327	Stimulus	S  1
2114.943	0.001	2114944	Stimulus	S  2
2116.305	0.001	2116306	Stimulus	S  3
2116.372	0.001	2116373	Stimulus	S  5
2118.809	0.001	2118810	Stimulus	S  6
2119.842	0.001	2119843	Stimulus	S  1
2120.342	0.001	2120343	Stimulus	S  2
2121.705	0.001	2121706	Stimulus	S  3
2122.052	0.001	2122053	Stimulus	S  4
2124.176	0.001	2124177	Stimulus	S  6
2125.208	0.001	2125209	Stimulus	S  1
2125.708	0.001	2125709	Stimulus	S  2
2127.076	0.001	2127077	Stimulus	S  3
2127.109	0.001	2127110	Stimulus	S  4
2129.608	0.001	2129609	Stimulus	S  7
2130.64	0.001	2130641	Stimulus	S  1
2131.124	0.001	2131125	Stimulus	S  2
2132.482	0.001	2132483	Stimulus	S  3
2132.573	0.001	2132574	Stimulus	S  5
2134.99	0.001	2134991	Stimulus	S  7
2136.023	0.001	2136024	Stimulus	S  1
2136.524	0.001	2136525	Stimulus	S  2
2137.882	0.001	2137883	Stimulus	S  3
2137.909	0.001	2137910	Stimulus	S  5
2140.34	0.001	2140341	Stimulus	S  6
2141.373	0.001	2141374	Stimulus	S  1
2141.856	0.001	2141857	Stimulus	S  2
2143.218	0.001	2143219	Stimulus	S  3
2143.269	0.001	2143270	Stimulus	S  4
2145.656	0.001	2145657	Stimulus	S  7
2146.689	0.001	2146690	Stimulus	S  1
2147.172	0.001	2147173	Stimulus	S  2
2148.532	0.001	2148533	Stimulus	S  3
2148.668	0.001	2148669	Stimulus	S  5
2151.038	0.001	2151039	Stimulus	S  6
2152.071	0.001	2152072	Stimulus	S  1
2152.604	0.001	2152605	Stimulus	S  2
2153.961	0.001	2153962	Stimulus	S  3
2154.052	0.001	2154053	Stimulus	S  4
2156.437	0.001	2156438	Stimulus	S  7
2157.47	0.001	2157471	Stimulus	S  1
2158.071	0.001	2158072	Stimulus	S  2
2159.429	0.001	2159430	Stimulus	S  3
2161.07	0.001	2161071	Stimulus	S  1
2161.638	0.001	2161639	Stimulus	S  2
2162.993	0.001	2162994	Stimulus	S  3
2162.998	0.001	2162999	Stimulus	S  4
2165.57	0.001	2165571	Stimulus	S  7
2166.603	0.001	2166604	Stimulus	S  1
2167.219	0.001	2167220	Stimulus	S  2
2168.567	0.001	2168568	Stimulus	S  3
2168.861	0.001	2168862	Stimulus	S  5
2171.035	0.001	2171036	Stimulus	S  7
2172.069	0.001	2172070	Stimulus	S  1
2172.535	0.001	2172536	Stimulus	S  2
2173.877	0.001	2173878	Stimulus	S  3
2174.253	0.001	2174254	Stimulus	S  5
2176.368	0.001	2176369	Stimulus	S  7
2177.386	0.001	2177387	Stimulus	S  1
2177.901	0.001	2177902	Stimulus	S  2
2179.254	0.001	2179255	Stimulus	S  3
2179.301	0.001	2179302	Stimulus	S  4
2181.684	0.001	2181685	Stimulus	S  6
2182.717	0.001	2182718	Stimulus	S  1
2183.267	0.001	2183268	Stimulus	S  2
2184.623	0.001	2184624	Stimulus	S  3
2184.917	0.001	2184918	Stimulus	S  4
2187.1	0.001	2187101	Stimulus	S  6
2188.133	0.001	2188134	Stimulus	S  1
2188.65	0.001	2188651	Stimulus	S  2
2190.012	0.001	2190013	Stimulus	S  3
2190.016	0.001	2190017	Stimulus	S  4
2192.566	0.001	2192567	Stimulus	S  7
2193.599	0.001	2193600	Stimulus	S  1
2194.116	0.001	2194117	Stimulus	S  2
2195.479	0.001	2195480	Stimulus	S  3
2195.509	0.001	2195510	Stimulus	S  4
2198.065	0.001	2198066	Stimulus	S  6
2199.098	0.001	2199099	Stimulus	S  1
2199.648	0.001	2199649	Stimulus	S  2
2201.003	0.001	2201004	Stimulus	S  3
2201.069	0.001	2201070	Stimulus	S  5
2203.464	0.001	2203465	Stimulus	S  6
2204.498	0.001	2204499	Stimulus	S  1
2204.947	0.001	2204948	Stimulus	S  2
2206.311	0.001	2206312	Stimulus	S  3
2206.453	0.001	2206454	Stimulus	S  5
2208.897	0.001	2208898	Stimulus	S  6
2209.93	0.001	2209931	Stimulus	S  1
2210.547	0.001	2210548	Stimulus	S  2
2211.903	0.001	2211904	Stimulus	S  3
2212.389	0.001	2212390	Stimulus	S  4
2214.413	0.001	2214414	Stimulus	S  6
2215.446	0.001	2215447	Stimulus	S  1
2216.063	0.001	2216064	Stimulus	S  2
2217.423	0.001	2217424	Stimulus	S  3
2217.493	0.001	2217494	Stimulus	S  4
2219.879	0.001	2219880	Stimulus	S  7
2220.911	0.001	2220912	Stimulus	S  1
2221.379	0.001	2221380	Stimulus	S  2
2222.732	0.001	2222733	Stimulus	S  3
2222.941	0.001	2222942	Stimulus	S  5
2225.311	0.001	2225312	Stimulus	S  6
2226.344	0.001	2226345	Stimulus	S  1
2226.878	0.001	2226879	Stimulus	S  2
2228.239	0.001	2228240	Stimulus	S  3
2228.861	0.001	2228862	Stimulus	S  5
2230.777	0.001	2230778	Stimulus	S  6
2231.81	0.001	2231811	Stimulus	S  1
2232.41	0.001	2232411	Stimulus	S  2
2233.786	0.001	2233787	Stimulus	S  3
2235.109	0.001	2235110	Stimulus	S  5
2236.343	0.001	2236344	Stimulus	S  7
2237.377	0.001	2237378	Stimulus	S  1
2237.81	0.001	2237811	Stimulus	S  2
2239.162	0.001	2239163	Stimulus	S  3
2239.653	0.001	2239654	Stimulus	S  5
2241.642	0.001	2241643	Stimulus	S  6
2242.659	0.001	2242660	Stimulus	S  1
2243.192	0.001	2243193	Stimulus	S  2
2244.557	0.001	2244558	Stimulus	S  3
2244.661	0.001	2244662	Stimulus	S  5
2246.992	0.001	2246993	Stimulus	S  7
2248.025	0.001	2248026	Stimulus	S  1
2248.591	0.001	2248592	Stimulus	S  2
2249.953	0.001	2249954	Stimulus	S  3
2251.458	0.001	2251459	Stimulus	S  1
2251.891	0.001	2251892	Stimulus	S  2
2253.253	0.001	2253254	Stimulus	S  3
2253.301	0.001	2253302	Stimulus	S  4
2255.857	0.001	2255858	Stimulus	S  7
2256.89	0.001	2256891	Stimulus	S  1
2257.357	0.001	2257358	Stimulus	S  2
2258.719	0.001	2258720	Stimulus	S  3
2258.726	0.001	2258727	Stimulus	S  5
2261.256	0.001	2261257	Stimulus	S  6
2262.289	0.001	2262290	Stimulus	S  1
2262.706	0.001	2262707	Stimulus	S  2
2264.063	0.001	2264064	Stimulus	S  3
2264.11	0.001	2264111	Stimulus	S  4
2266.556	0.001	2266557	Stimulus	S  7
2267.589	0.001	2267590	Stimulus	S  1
2268.139	0.001	2268140	Stimulus	S  2
2269.493	0.001	2269494	Stimulus	S  3
2269.894	0.001	2269895	Stimulus	S  5
2272.005	0.001	2272006	Stimulus	S  7
2273.038	0.001	2273039	Stimulus	S  1
2273.555	0.001	2273556	Stimulus	S  2
2274.919	0.001	2274920	Stimulus	S  3
2275.085	0.001	2275086	Stimulus	S  4
2277.471	0.001	2277472	Stimulus	S  6
2278.504	0.001	2278505	Stimulus	S  1
2279.037	0.001	2279038	Stimulus	S  2
2280.4	0.001	2280401	Stimulus	S  3
2280.405	0.001	2280406	Stimulus	S  4
2282.853	0.001	2282854	Stimulus	S  6
2283.886	0.001	2283887	Stimulus	S  1
2284.437	0.001	2284438	Stimulus	S  2
2285.805	0.001	2285806	Stimulus	S  3
2286.27	0.001	2286271	Stimulus	S  4
2288.336	0.001	2288337	Stimulus	S  6
2289.369	0.001	2289370	Stimulus	S  1
2289.903	0.001	2289904	Stimulus	S  2
2291.267	0.001	2291268	Stimulus	S  3
2291.462	0.001	2291463	Stimulus	S  5
2293.852	0.001	2293853	Stimulus	S  6
2294.885	0.001	2294886	Stimulus	S  1
2295.385	0.001	2295386	Stimulus	S  2
2296.737	0.001	2296738	Stimulus	S  3
2296.822	0.001	2296823	Stimulus	S  4
2299.318	0.001	2299319	Stimulus	S  7
2300.351	0.001	2300352	Stimulus	S  1
2300.934	0.001	2300935	Stimulus	S  2
2302.293	0.001	2302294	Stimulus	S  3
2302.318	0.001	2302319	Stimulus	S  5
2304.867	0.001	2304868	Stimulus	S  6
2305.9	0.001	2305901	Stimulus	S  1
2306.434	0.001	2306435	Stimulus	S  2
2307.8	0.001	2307801	Stimulus	S  3
2308.39	0.001	2308391	Stimulus	S  5
2310.316	0.001	2310317	Stimulus	S  7
2311.35	0.001	2311351	Stimulus	S  1
2311.8	0.001	2311801	Stimulus	S  2
2313.16	0.001	2313161	Stimulus	S  3
2313.286	0.001	2313287	Stimulus	S  4
2315.766	0.001	2315767	Stimulus	S  6
2316.798	0.001	2316799	Stimulus	S  1
2317.299	0.001	2317300	Stimulus	S  2
2318.66	0.001	2318661	Stimulus	S  3
2318.718	0.001	2318719	Stimulus	S  5
2321.282	0.001	2321283	Stimulus	S  6
2322.314	0.001	2322315	Stimulus	S  1
2322.781	0.001	2322782	Stimulus	S  2
2324.144	0.001	2324145	Stimulus	S  3
2324.198	0.001	2324199	Stimulus	S  5
2326.581	0.001	2326582	Stimulus	S  7
2327.614	0.001	2327615	Stimulus	S  1
2328.164	0.001	2328165	Stimulus	S  2
2329.524	0.001	2329525	Stimulus	S  3
2329.566	0.001	2329567	Stimulus	S  5
2332.113	0.001	2332114	Stimulus	S  6
2333.146	0.001	2333147	Stimulus	S  1
2333.68	0.001	2333681	Stimulus	S  2
2335.043	0.001	2335044	Stimulus	S  3
2335.374	0.001	2335375	Stimulus	S  5
2337.546	0.001	2337547	Stimulus	S  7
2338.579	0.001	2338580	Stimulus	S  1
2339.129	0.001	2339130	Stimulus	S  2
2340.496	0.001	2340497	Stimulus	S  3
2340.846	0.001	2340847	Stimulus	S  5
2343.045	0.001	2343046	Stimulus	S  7
2395.455	0.001	2395456	Stimulus	S  1
2396.021	0.001	2396022	Stimulus	S  2
2397.383	0.001	2397384	Stimulus	S  3
2397.902	0.001	2397903	Stimulus	S  5
2399.971	0.001	2399972	Stimulus	S  6
2401.003	0.001	2401004	Stimulus	S  1
2401.521	0.001	2401522	Stimulus	S  2
2402.874	0.001	2402875	Stimulus	S  3
2402.966	0.001	2402967	Stimulus	S  5
2405.437	0.001	2405438	Stimulus	S  7
2406.47	0.001	2406471	Stimulus	S  1
2406.887	0.001	2406888	Stimulus	S  2
2408.25	0.001	2408251	Stimulus	S  3
2408.279	0.001	2408280	Stimulus	S  4
2410.686	0.001	2410687	Stimulus	S  6
2411.719	0.001	2411720	Stimulus	S  1
2412.219	0.001	2412220	Stimulus	S  2
2413.583	0.001	2413584	Stimulus	S  3
2413.727	0.001	2413728	Stimulus	S  5
2416.185	0.001	2416186	Stimulus	S  6
2417.203	0.001	2417204	Stimulus	S  1
2417.652	0.001	2417653	Stimulus	S  2
2419.011	0.001	2419012	Stimulus	S  3
2419.215	0.001	2419216	Stimulus	S  4
2421.601	0.001	2421602	Stimulus	S  7
2422.634	0.001	2422635	Stimulus	S  1
2423.184	0.001	2423185	Stimulus	S  2
2424.558	0.001	2424559	Stimulus	S  3
2424.647	0.001	2424648	Stimulus	S  5
2427.067	0.001	2427068	Stimulus	S  6
2428.1	0.001	2428101	Stimulus	S  1
2428.584	0.001	2428585	Stimulus	S  2
2429.958	0.001	2429959	Stimulus	S  3
2430.119	0.001	2430120	Stimulus	S  5
2432.4	0.001	2432401	Stimulus	S  7
2433.432	0.001	2433433	Stimulus	S  1
2433.882	0.001	2433883	Stimulus	S  2
2435.242	0.001	2435243	Stimulus	S  3
2435.399	0.001	2435400	Stimulus	S  5
2437.815	0.001	2437816	Stimulus	S  6
2438.833	0.001	2438834	Stimulus	S  1
2439.432	0.001	2439433	Stimulus	S  2
2440.792	0.001	2440793	Stimulus	S  3
2440.847	0.001	2440848	Stimulus	S  5
2443.232	0.001	2443233	Stimulus	S  7
2444.247	0.001	2444248	Stimulus	S  1
2444.798	0.001	2444799	Stimulus	S  2
2446.16	0.001	2446161	Stimulus	S  3
2446.183	0.001	2446184	Stimulus	S  5
2448.631	0.001	2448632	Stimulus	S  7
2449.663	0.001	2449664	Stimulus	S  1
2450.247	0.001	2450248	Stimulus	S  2
2451.619	0.001	2451620	Stimulus	S  3
2451.624	0.001	2451625	Stimulus	S  5
2454.213	0.001	2454214	Stimulus	S  7
2455.246	0.001	2455247	Stimulus	S  1
2455.83	0.001	2455831	Stimulus	S  2
2457.184	0.001	2457185	Stimulus	S  3
2457.391	0.001	2457392	Stimulus	S  5
2459.729	0.001	2459730	Stimulus	S  6
2460.762	0.001	2460763	Stimulus	S  1
2461.296	0.001	2461297	Stimulus	S  2
2462.658	0.001	2462659	Stimulus	S  3
2462.687	0.001	2462688	Stimulus	S  4
2465.178	0.001	2465179	Stimulus	S  7
2466.212	0.001	2466213	Stimulus	S  1
2466.644	0.001	2466645	Stimulus	S  2
2468.003	0.001	2468004	Stimulus	S  3
2468.207	0.001	2468208	Stimulus	S  5
2470.561	0.001	2470562	Stimulus	S  7
2471.594	0.001	2471595	Stimulus	S  1
2472.096	0.001	2472097	Stimulus	S  2
2473.455	0.001	2473456	Stimulus	S  3
2473.511	0.001	2473512	Stimulus	S  5
2475.91	0.001	2475911	Stimulus	S  6
2476.943	0.001	2476944	Stimulus	S  1
2477.36	0.001	2477361	Stimulus	S  2
2478.715	0.001	2478716	Stimulus	S  3
2480.292	0.001	2480293	Stimulus	S  1
2480.76	0.001	2480761	Stimulus	S  2
2482.129	0.001	2482130	Stimulus	S  3
2482.167	0.001	2482168	Stimulus	S  5
2484.676	0.001	2484677	Stimulus	S  6
2485.709	0.001	2485710	Stimulus	S  1
2486.192	0.001	2486193	Stimulus	S  2
2487.561	0.001	2487562	Stimulus	S  3
2487.727	0.001	2487728	Stimulus	S  5
2490.125	0.001	2490126	Stimulus	S  7
2491.158	0.001	2491159	Stimulus	S  1
2491.592	0.001	2491593	Stimulus	S  2
2492.961	0.001	2492962	Stimulus	S  3
2492.983	0.001	2492984	Stimulus	S  5
2495.441	0.001	2495442	Stimulus	S  7
2496.474	0.001	2496475	Stimulus	S  1
2497.008	0.001	2497009	Stimulus	S  2
2498.364	0.001	2498365	Stimulus	S  3
2498.407	0.001	2498408	Stimulus	S  4
2500.874	0.001	2500875	Stimulus	S  6
2501.907	0.001	2501908	Stimulus	S  1
2502.49	0.001	2502491	Stimulus	S  2
2503.852	0.001	2503853	Stimulus	S  3
2503.857	0.001	2503858	Stimulus	S  4
2506.356	0.001	2506357	Stimulus	S  7
2507.389	0.001	2507390	Stimulus	S  1
2507.806	0.001	2507807	Stimulus	S  2
2509.165	0.001	2509166	Stimulus	S  3
2509.184	0.001	2509185	Stimulus	S  4
2511.606	0.001	2511607	Stimulus	S  6
2512.638	0.001	2512639	Stimulus	S  1
2513.105	0.001	2513106	Stimulus	S  2
2514.468	0.001	2514469	Stimulus	S  3
2514.511	0.001	2514512	Stimulus	S  4
2517.055	0.001	2517056	Stimulus	S  7
2518.088	0.001	2518089	Stimulus	S  1
2518.67	0.001	2518671	Stimulus	S  2
2520.025	0.001	2520026	Stimulus	S  3
2520.047	0.001	2520048	Stimulus	S  5
2522.637	0.001	2522638	Stimulus	S  7
2523.671	0.001	2523672	Stimulus	S  1
2524.271	0.001	2524272	Stimulus	S  2
2525.631	0.001	2525632	Stimulus	S  3
2527.203	0.001	2527204	Stimulus	S  1
2527.77	0.001	2527771	Stimulus	S  2
2529.128	0.001	2529129	Stimulus	S  3
2529.32	0.001	2529321	Stimulus	S  5
2531.736	0.001	2531737	Stimulus	S  7
2532.769	0.001	2532770	Stimulus	S  1
2533.236	0.001	2533237	Stimulus	S  2
2534.601	0.001	2534602	Stimulus	S  3
2534.624	0.001	2534625	Stimulus	S  5
2537.185	0.001	2537186	Stimulus	S  6
2538.219	0.001	2538220	Stimulus	S  1
2538.719	0.001	2538720	Stimulus	S  2
2540.073	0.001	2540074	Stimulus	S  3
2540.136	0.001	2540137	Stimulus	S  4
2542.551	0.001	2542552	Stimulus	S  6
2543.585	0.001	2543586	Stimulus	S  1
2544.018	0.001	2544019	Stimulus	S  2
2545.375	0.001	2545376	Stimulus	S  3
2545.379	0.001	2545380	Stimulus	S  4
2547.801	0.001	2547802	Stimulus	S  7
2548.834	0.001	2548835	Stimulus	S  1
2549.384	0.001	2549385	Stimulus	S  2
2550.743	0.001	2550744	Stimulus	S  3
2550.792	0.001	2550793	Stimulus	S  4
2553.216	0.001	2553217	Stimulus	S  6
2554.249	0.001	2554250	Stimulus	S  1
2554.75	0.001	2554751	Stimulus	S  2
2556.113	0.001	2556114	Stimulus	S  3
2556.118	0.001	2556119	Stimulus	S  4
2558.649	0.001	2558650	Stimulus	S  7
2559.682	0.001	2559683	Stimulus	S  1
2560.182	0.001	2560183	Stimulus	S  2
2561.542	0.001	2561543	Stimulus	S  3
2561.832	0.001	2561833	Stimulus	S  4
2564.082	0.001	2564083	Stimulus	S  6
2565.114	0.001	2565115	Stimulus	S  1
2565.598	0.001	2565599	Stimulus	S  2
2566.967	0.001	2566968	Stimulus	S  3
2567.176	0.001	2567177	Stimulus	S  4
2569.514	0.001	2569515	Stimulus	S  7
2570.532	0.001	2570533	Stimulus	S  1
2571.014	0.001	2571015	Stimulus	S  2
2572.372	0.001	2572373	Stimulus	S  3
2572.552	0.001	2572553	Stimulus	S  4
2574.797	0.001	2574798	Stimulus	S  6
2575.83	0.001	2575831	Stimulus	S  1
2576.38	0.001	2576381	Stimulus	S  2
2577.742	0.001	2577743	Stimulus	S  3
2577.88	0.001	2577881	Stimulus	S  5
2580.345	0.001	2580346	Stimulus	S  7
2581.363	0.001	2581364	Stimulus	S  1
2581.929	0.001	2581930	Stimulus	S  2
2583.292	0.001	2583293	Stimulus	S  3
2583.328	0.001	2583329	Stimulus	S  4
2585.729	0.001	2585730	Stimulus	S  7
2586.762	0.001	2586763	Stimulus	S  1
2587.329	0.001	2587330	Stimulus	S  2
2588.691	0.001	2588692	Stimulus	S  3
2588.912	0.001	2588913	Stimulus	S  4
2591.228	0.001	2591229	Stimulus	S  7
2592.261	0.001	2592262	Stimulus	S  1
2592.744	0.001	2592745	Stimulus	S  2
2594.118	0.001	2594119	Stimulus	S  3
2594.672	0.001	2594673	Stimulus	S  5
2596.577	0.001	2596578	Stimulus	S  6
2597.595	0.001	2597596	Stimulus	S  1
2598.127	0.001	2598128	Stimulus	S  2
2599.485	0.001	2599486	Stimulus	S  3
2599.552	0.001	2599553	Stimulus	S  4
2601.96	0.001	2601961	Stimulus	S  7
2602.993	0.001	2602994	Stimulus	S  1
2603.443	0.001	2603444	Stimulus	S  2
2604.804	0.001	2604805	Stimulus	S  3
2605.088	0.001	2605089	Stimulus	S  5
2607.309	0.001	2607310	Stimulus	S  6
2608.342	0.001	2608343	Stimulus	S  1
2608.892	0.001	2608893	Stimulus	S  2
2610.259	0.001	2610260	Stimulus	S  3
2610.616	0.001	2610617	Stimulus	S  5
2612.875	0.001	2612876	Stimulus	S  7
2613.908	0.001	2613909	Stimulus	S  1
2614.391	0.001	2614392	Stimulus	S  2
2615.754	0.001	2615755	Stimulus	S  3
2615.856	0.001	2615857	Stimulus	S  4
2618.224	0.001	2618225	Stimulus	S  7
2619.257	0.001	2619258	Stimulus	S  1
2619.774	0.001	2619775	Stimulus	S  2
2621.133	0.001	2621134	Stimulus	S  3
2621.17	0.001	2621171	Stimulus	S  4
2623.724	0.001	2623725	Stimulus	S  7
2624.756	0.001	2624757	Stimulus	S  1
2625.173	0.001	2625174	Stimulus	S  2
2626.534	0.001	2626535	Stimulus	S  3
2627.064	0.001	2627065	Stimulus	S  4
2629.139	0.001	2629140	Stimulus	S  7
2630.172	0.001	2630173	Stimulus	S  1
2630.673	0.001	2630674	Stimulus	S  2
2632.04	0.001	2632041	Stimulus	S  3
2632.328	0.001	2632329	Stimulus	S  4
2634.655	0.001	2634656	Stimulus	S  7
2635.689	0.001	2635690	Stimulus	S  1
2636.155	0.001	2636156	Stimulus	S  2
2637.516	0.001	2637517	Stimulus	S  3
2637.664	0.001	2637665	Stimulus	S  4
2640.137	0.001	2640138	Stimulus	S  7
2641.156	0.001	2641157	Stimulus	S  1
2641.754	0.001	2641755	Stimulus	S  2
2643.115	0.001	2643116	Stimulus	S  3
2643.448	0.001	2643449	Stimulus	S  4
2645.687	0.001	2645688	Stimulus	S  7
2646.721	0.001	2646722	Stimulus	S  1
2647.32	0.001	2647321	Stimulus	S  2
2648.691	0.001	2648692	Stimulus	S  3
2649.12	0.001	2649121	Stimulus	S  4
2651.12	0.001	2651121	Stimulus	S  7
2689.681	0.001	2689682	Stimulus	S  1
2690.281	0.001	2690282	Stimulus	S  2
2691.652	0.001	2691653	Stimulus	S  3
2692	0.001	2692001	Stimulus	S  4
2694.214	0.001	2694215	Stimulus	S  7
2695.246	0.001	2695247	Stimulus	S  1
2695.747	0.001	2695748	Stimulus	S  2
2697.11	0.001	2697111	Stimulus	S  3
2697.408	0.001	2697409	Stimulus	S  5
2699.58	0.001	2699581	Stimulus	S  6
2700.613	0.001	2700614	Stimulus	S  1
2701.164	0.001	2701165	Stimulus	S  2
2702.527	0.001	2702528	Stimulus	S  3
2702.697	0.001	2702698	Stimulus	S  5
2705.163	0.001	2705164	Stimulus	S  6
2706.195	0.001	2706196	Stimulus	S  1
2706.696	0.001	2706697	Stimulus	S  2
2708.053	0.001	2708054	Stimulus	S  3
2708.169	0.001	2708170	Stimulus	S  4
2710.562	0.001	2710563	Stimulus	S  6
2711.594	0.001	2711595	Stimulus	S  1
2712.011	0.001	2712012	Stimulus	S  2
2713.374	0.001	2713375	Stimulus	S  3
2713.857	0.001	2713858	Stimulus	S  4
2715.928	0.001	2715929	Stimulus	S  7
2716.945	0.001	2716946	Stimulus	S  1
2717.361	0.001	2717362	Stimulus	S  2
2718.718	0.001	2718719	Stimulus	S  3
2719.041	0.001	2719042	Stimulus	S  5
2721.311	0.001	2721312	Stimulus	S  6
2722.343	0.001	2722344	Stimulus	S  1
2722.878	0.001	2722879	Stimulus	S  2
2724.236	0.001	2724237	Stimulus	S  3
2724.617	0.001	2724618	Stimulus	S  5
2726.726	0.001	2726727	Stimulus	S  7
2727.76	0.001	2727761	Stimulus	S  1
2728.309	0.001	2728310	Stimulus	S  2
2729.665	0.001	2729666	Stimulus	S  3
2729.682	0.001	2729683	Stimulus	S  5
2732.092	0.001	2732093	Stimulus	S  7
2733.125	0.001	2733126	Stimulus	S  1
2733.659	0.001	2733660	Stimulus	S  2
2735.023	0.001	2735024	Stimulus	S  3
2735.105	0.001	2735106	Stimulus	S  4
2737.558	0.001	2737559	Stimulus	S  6
2738.591	0.001	2738592	Stimulus	S  1
2739.158	0.001	2739159	Stimulus	S  2
2740.522	0.001	2740523	Stimulus	S  3
2740.545	0.001	2740546	Stimulus	S  4
2743.024	0.001	2743025	Stimulus	S  6
2744.056	0.001	2744057	Stimulus	S  1
2744.49	0.001	2744491	Stimulus	S  2
2745.856	0.001	2745857	Stimulus	S  3
2745.905	0.001	2745906	Stimulus	S  4
2748.423	0.001	2748424	Stimulus	S  6
2749.456	0.001	2749457	Stimulus	S  1
2750.056	0.001	2750057	Stimulus	S  2
2751.416	0.001	2751417	Stimulus	S  3
2751.449	0.001	2751450	Stimulus	S  4
2753.889	0.001	2753890	Stimulus	S  7
2754.922	0.001	2754923	Stimulus	S  1
2755.472	0.001	2755473	Stimulus	S  2
2756.834	0.001	2756835	Stimulus	S  3
2756.889	0.001	2756890	Stimulus	S  5
2759.288	0.001	2759289	Stimulus	S  7
2760.321	0.001	2760322	Stimulus	S  1
2760.771	0.001	2760772	Stimulus	S  2
2762.126	0.001	2762127	Stimulus	S  3
2762.146	0.001	2762147	Stimulus	S  4
2764.688	0.001	2764689	Stimulus	S  6
2765.72	0.001	2765721	Stimulus	S  1
2766.154	0.001	2766155	Stimulus	S  2
2767.521	0.001	2767522	Stimulus	S  3
2767.562	0.001	2767563	Stimulus	S  4
2769.97	0.001	2769971	Stimulus	S  6
2771.003	0.001	2771004	Stimulus	S  1
2771.487	0.001	2771488	Stimulus	S  2
2772.837	0.001	2772838	Stimulus	S  3
2773.033	0.001	2773034	Stimulus	S  5
2775.336	0.001	2775337	Stimulus	S  6
2776.369	0.001	2776370	Stimulus	S  1
2776.853	0.001	2776854	Stimulus	S  2
2778.206	0.001	2778207	Stimulus	S  3
2778.37	0.001	2778371	Stimulus	S  5
2780.652	0.001	2780653	Stimulus	S  7
2781.685	0.001	2781686	Stimulus	S  1
2782.168	0.001	2782169	Stimulus	S  2
2783.526	0.001	2783527	Stimulus	S  3
2783.681	0.001	2783682	Stimulus	S  5
2786.084	0.001	2786085	Stimulus	S  6
2787.103	0.001	2787104	Stimulus	S  1
2787.634	0.001	2787635	Stimulus	S  2
2789.003	0.001	2789004	Stimulus	S  3
2789.201	0.001	2789202	Stimulus	S  5
2791.467	0.001	2791468	Stimulus	S  7
2792.501	0.001	2792502	Stimulus	S  1
2792.967	0.001	2792968	Stimulus	S  2
2794.328	0.001	2794329	Stimulus	S  3
2794.393	0.001	2794394	Stimulus	S  4
2796.799	0.001	2796800	Stimulus	S  7
2797.833	0.001	2797834	Stimulus	S  1
2798.333	0.001	2798334	Stimulus	S  2
2799.686	0.001	2799687	Stimulus	S  3
2799.97	0.001	2799971	Stimulus	S  5
2802.166	0.001	2802167	Stimulus	S  6
2803.198	0.001	2803199	Stimulus	S  1
2803.649	0.001	2803650	Stimulus	S  2
2805.011	0.001	2805012	Stimulus	S  3
2805.17	0.001	2805171	Stimulus	S  4
2807.598	0.001	2807599	Stimulus	S  7
2808.616	0.001	2808617	Stimulus	S  1
2809.032	0.001	2809033	Stimulus	S  2
2810.393	0.001	2810394	Stimulus	S  3
2810.642	0.001	2810643	Stimulus	S  5
2812.831	0.001	2812832	Stimulus	S  7
2813.864	0.001	2813865	Stimulus	S  1
2814.314	0.001	2814315	Stimulus	S  2
2815.673	0.001	2815674	Stimulus	S  3
2815.882	0.001	2815883	Stimulus	S  4
2818.298	0.001	2818299	Stimulus	S  7
2819.329	0.001	2819330	Stimulus	S  1
2819.813	0.001	2819814	Stimulus	S  2
2821.168	0.001	2821169	Stimulus	S  3
2821.178	0.001	2821179	Stimulus	S  4
2823.68	0.001	2823681	Stimulus	S  7
2824.713	0.001	2824714	Stimulus	S  1
2825.313	0.001	2825314	Stimulus	S  2
2826.682	0.001	2826683	Stimulus	S  3
2826.802	0.001	2826803	Stimulus	S  5
2829.295	0.001	2829296	Stimulus	S  6
2830.329	0.001	2830330	Stimulus	S  1
2830.829	0.001	2830830	Stimulus	S  2
2832.2	0.001	2832201	Stimulus	S  3
2832.306	0.001	2832307	Stimulus	S  4
2834.811	0.001	2834812	Stimulus	S  6
2835.845	0.001	2835846	Stimulus	S  1
2836.411	0.001	2836412	Stimulus	S  2
2837.77	0.001	2837771	Stimulus	S  3
2837.775	0.001	2837776	Stimulus	S  4
2840.311	0.001	2840312	Stimulus	S  7
2841.344	0.001	2841345	Stimulus	S  1
2841.794	0.001	2841795	Stimulus	S  2
2843.155	0.001	2843156	Stimulus	S  3
2843.194	0.001	2843195	Stimulus	S  4
2845.626	0.001	2845627	Stimulus	S  6
2846.659	0.001	2846660	Stimulus	S  1
2847.259	0.001	2847260	Stimulus	S  2
2848.617	0.001	2848618	Stimulus	S  3
2848.659	0.001	2848660	Stimulus	S  4
2851.142	0.001	2851143	Stimulus	S  7
2852.175	0.001	2852176	Stimulus	S  1
2852.742	0.001	2852743	Stimulus	S  2
2854.103	0.001	2854104	Stimulus	S  3
2854.13	0.001	2854131	Stimulus	S  4
2856.642	0.001	2856643	Stimulus	S  7
2857.674	0.001	2857675	Stimulus	S  1
2858.242	0.001	2858243	Stimulus	S  2
2859.601	0.001	2859602	Stimulus	S  3
2859.674	0.001	2859675	Stimulus	S  5
2862.124	0.001	2862125	Stimulus	S  7
2863.157	0.001	2863158	Stimulus	S  1
2863.691	0.001	2863692	Stimulus	S  2
2865.053	0.001	2865054	Stimulus	S  3
2865.162	0.001	2865163	Stimulus	S  5
2867.623	0.001	2867624	Stimulus	S  6
2868.656	0.001	2868657	Stimulus	S  1
2869.091	0.001	2869092	Stimulus	S  2
2870.454	0.001	2870455	Stimulus	S  3
2870.522	0.001	2870523	Stimulus	S  5
2872.939	0.001	2872940	Stimulus	S  7
2873.973	0.001	2873974	Stimulus	S  1
2874.423	0.001	2874424	Stimulus	S  2
2875.783	0.001	2875784	Stimulus	S  3
2875.85	0.001	2875851	Stimulus	S  4
2878.239	0.001	2878240	Stimulus	S  6
2879.271	0.001	2879272	Stimulus	S  1
2879.755	0.001	2879756	Stimulus	S  2
2881.11	0.001	2881111	Stimulus	S  3
2881.162	0.001	2881163	Stimulus	S  4
2883.721	0.001	2883722	Stimulus	S  7
2884.754	0.001	2884755	Stimulus	S  1
2885.237	0.001	2885238	Stimulus	S  2
2886.595	0.001	2886596	Stimulus	S  3
2886.603	0.001	2886604	Stimulus	S  4
2889.071	0.001	2889072	Stimulus	S  6
2890.103	0.001	2890104	Stimulus	S  1
2890.537	0.001	2890538	Stimulus	S  2
2891.875	0.001	2891876	Stimulus	S  3
2892.05	0.001	2892051	Stimulus	S  4
2894.42	0.001	2894421	Stimulus	S  6
2895.453	0.001	2895454	Stimulus	S  1
2895.953	0.001	2895954	Stimulus	S  2
2897.31	0.001	2897311	Stimulus	S  3
2897.562	0.001	2897563	Stimulus	S  4
2899.836	0.001	2899837	Stimulus	S  7
2900.868	0.001	2900869	Stimulus	S  1
2901.303	0.001	2901304	Stimulus	S  2
2902.672	0.001	2902673	Stimulus	S  3
2902.794	0.001	2902795	Stimulus	S  5
2905.118	0.001	2905119	Stimulus	S  6
2906.151	0.001	2906152	Stimulus	S  1
2906.585	0.001	2906586	Stimulus	S  2
2907.953	0.001	2907954	Stimulus	S  3
2907.978	0.001	2907979	Stimulus	S  4
2910.534	0.001	2910535	Stimulus	S  6
2911.568	0.001	2911569	Stimulus	S  1
2912.034	0.001	2912035	Stimulus	S  2
2913.389	0.001	2913390	Stimulus	S  3
2913.434	0.001	2913435	Stimulus	S  5
2915.867	0.001	2915868	Stimulus	S  7
2916.9	0.001	2916901	Stimulus	S  1
2917.516	0.001	2917517	Stimulus	S  2
2918.876	0.001	2918877	Stimulus	S  3
2919.234	0.001	2919235	Stimulus	S  5
2921.499	0.001	2921500	Stimulus	S  6
2922.532	0.001	2922533	Stimulus	S  1
2923.016	0.001	2923017	Stimulus	S  2
2924.389	0.001	2924390	Stimulus	S  3
2924.882	0.001	2924883	Stimulus	S  4
2926.865	0.001	2926866	Stimulus	S  7
2927.898	0.001	2927899	Stimulus	S  1
2928.398	0.001	2928399	Stimulus	S  2
2929.76	0.001	2929761	Stimulus	S  3
2929.89	0.001	2929891	Stimulus	S  5
2932.331	0.001	2932332	Stimulus	S  7
2933.364	0.001	2933365	Stimulus	S  1
2933.931	0.001	2933932	Stimulus	S  2
2935.288	0.001	2935289	Stimulus	S  3
2938.847	0.001	2938848	Stimulus	S  1
2939.33	0.001	2939331	Stimulus	S  2
2940.688	0.001	2940689	Stimulus	S  3
2940.883	0.001	2940884	Stimulus	S  4
2943.18	0.001	2943181	Stimulus	S  6
2944.213	0.001	2944214	Stimulus	S  1
2944.663	0.001	2944664	Stimulus	S  2
2946.026	0.001	2946027	Stimulus	S  3
2946.031	0.001	2946032	Stimulus	S  4
2948.579	0.001	2948580	Stimulus	S  7
